artist,song,duration_ms,explicit,year,popularity,danceability,energy,key,loudness,mode,speechiness,acousticness,instrumentalness,liveness,valence,tempo,genre,World/Traditional, blues, classical,R&B,metal,hip hop, latin, hip hop,country, jazz, R&B, pop,rock,pop,latin, Dance/Electronic, Folk/Acoustic,Dance/Electronic, easy listening,set(), country,easy listening, metal,Folk/Acoustic, rock,cat,cluster
blink-182,All The Small Things,0.14567313132837212,0.0,1999,0.8876404494382022,0.3605200945626478,0.8919605973943439,0.0,0.7706295088447476,1.0,0.0463096960926194,0.010533813779943212,0.0,0.7101623571858088,0.6908760295218741,0.5881179060146388,"rock, pop",0,0,0,0,0,0,0,0,0,0,0,1,1,0,0,0,0,0,0,0,0,0,0,0,0,0.6666666666666666,7
Eminem,The Real Slim Shady,0.4612739999892226,1.0,2000,0.9662921348314607,0.9692671394799054,0.6419870776400806,0.45454545454545453,0.803933194979741,0.0,0.06150506512301014,0.030923559151983318,0.0,0.028743235117257973,0.7721681463258103,0.29493078391853195,hip hop,0,0,0,0,0,1,0,0,0,0,0,0,0,0,0,0,0,0,0,0,0,0,0,0,0,0.1111111111111111,4
Modjo,Lady - Hear Me Tonight,0.5231175871489926,0.0,2001,0.8651685393258427,0.6985815602836879,0.7976909225717616,0.5454545454545454,0.7355964028066014,1.0,0.0265918958031838,0.008105487321062053,0.029746192893401014,0.050390859891761876,0.8887581559525083,0.4377187864644107,Dance/Electronic,0,0,0,0,0,0,0,0,0,0,0,0,0,0,0,0,0,1,0,0,0,0,0,0,0,0.1111111111111111,2
Linkin Park,In the End,0.27988985466635774,0.0,2000,0.9325842696629213,0.504728132387707,0.8570066730219257,0.2727272727272727,0.7235892874789999,0.0,0.06367583212735167,0.009796094349397037,0.0,0.22549609140108237,0.38710022462295435,0.29916728545666704,"rock, metal",0,0,0,0,0,0,0,0,0,0,0,0,1,0,0,0,0,0,0,0,0,0,1,0,0,0.0,7
DMX,Party Up,0.4199587224434589,1.0,1999,0.797752808988764,0.45035460992907805,0.9279737315962293,1.0,0.8504792963731594,1.0,0.5857452966714906,0.07559656911283502,0.0,0.5754660252555622,0.526152529682319,0.9408945051447969,"hip hop, pop",0,0,0,0,0,1,0,0,0,0,0,1,0,0,0,0,0,0,0,0,0,0,0,0,0,1.0,4
Mýa,Case Of The Ex (Whatcha Gonna Do),0.33384705749219984,0.0,2000,0.6629213483146067,0.7600472813238771,0.6705857430356953,0.09090909090909091,0.7806601442830319,0.0,0.03129522431259046,0.056128973028977625,9.939086294416243e-05,0.061334936861094404,0.33147930259920844,0.2518099607510343,"pop, R&B",0,0,0,0,0,0,0,0,0,0,1,0,0,1,0,0,0,0,0,0,0,0,0,0,0,0.3333333333333333,1
Mary Mary,Shackles (Praise You),0.22995263319556186,0.0,2000,0.7191011235955056,0.7683215130023641,0.8252303781379091,0.6363636363636364,0.8766182429093784,1.0,0.2510853835021708,0.0351244614648157,0.0,0.08069753457606733,0.814953470959461,0.2681194971889254,R&B,0,0,0,1,0,0,0,0,0,0,0,0,0,0,0,0,0,0,0,0,0,0,0,0,0,0.7777777777777778,1
Jagged Edge,He Can't Love U,0.35310363037726394,0.0,2000,0.6179775280898876,0.6997635933806147,0.8273487977968436,0.7272727272727273,0.8173732582270975,0.0,0.3306801736613604,0.11473668334459039,0.0,0.25676488274203246,0.5026206011338111,0.43929670096531237,"hip hop, pop, R&B",0,0,0,0,0,1,0,0,0,0,1,1,0,0,0,0,0,0,0,0,0,0,0,0,0,0.3333333333333333,4
Craig David,Fill Me In,0.3885263481217634,0.0,2000,0.6741573033707865,0.6536643026004729,0.7299014934858595,0.7272727272727273,0.6686925585532167,1.0,0.02405933429811867,0.3852338078781878,0.00965482233502538,0.046301864101022244,0.8438335650871751,0.4804948552031399,"hip hop, pop, R&B",0,0,0,0,0,1,0,0,0,0,1,1,0,0,0,0,0,0,0,0,0,0,0,0,0,1.0,4
Red Hot Chili Peppers,Otherside,0.38360375701206534,0.0,1999,0.8764044943820225,0.3888888888888889,0.7839211947886877,0.0,0.8523075402707777,1.0,0.06186685962373373,0.0032180960936936463,0.00020507614213197972,0.0650631389055923,0.5079687667130175,0.41907552773947176,rock,0,0,0,0,0,0,0,0,0,0,0,0,1,0,0,0,0,0,0,0,0,0,0,0,0,1.0,7
Fuel,Hemorrhage (In My Hands),0.33373928319313695,0.0,2000,0.550561797752809,0.21749408983451538,0.8220527486495074,0.09090909090909091,0.8212273940112659,1.0,0.031114327062228657,0.00011045299251788559,0.0003461928934010152,0.2627781118460613,0.3143651727457482,0.6100495915985997,"rock, pop, metal",0,0,0,0,0,0,0,0,0,0,0,1,1,0,0,0,0,0,0,0,0,0,1,0,0,0.3333333333333333,7
Destiny's Child,"Independent Women, Pt. 1",0.2913489570142208,0.0,2001,0.7303370786516854,0.710401891252955,0.5794936977015147,0.5454545454545454,0.8267615377013539,0.0,0.3306801736613604,0.3708892633953455,3.7461928934010152e-06,0.1773902585688515,0.9507968766713019,0.2515049856794314,"pop, R&B",0,0,0,0,0,0,0,0,0,0,1,0,0,1,0,0,0,0,0,0,0,0,0,0,0,0.8888888888888888,1
Gabrielle,Rise,0.2858524677620128,0.0,2001,0.6741573033707865,0.5070921985815604,0.45132930833598134,0.7272727272727273,0.5448660934874987,1.0,0.005065123010130247,0.32273257834580354,8.964467005076143e-06,0.08238123872519544,0.6341854743822869,0.561246950249284,"pop, R&B",0,0,0,0,0,0,0,0,0,0,1,0,0,1,0,0,0,0,0,0,0,0,0,0,0,0.0,9
Creed,With Arms Wide Open,0.4359470397094405,0.0,1999,0.7191011235955056,0.3321513002364066,0.51276347844508,0.0,0.5979839905128965,1.0,0.012662807525325621,0.004334921342714939,0.0009035532994923857,0.11485267588695129,0.11006524762006631,0.5226543439058025,"pop, rock, metal",0,0,0,0,0,0,0,0,0,0,0,0,0,1,0,0,0,0,0,0,0,0,1,0,1,1.0,7
Jimmy Eat World,The Middle,0.1424048757092896,0.0,2001,0.8764044943820225,0.607565011820331,0.8411185255799174,0.18181818181818182,0.7454293902559541,1.0,0.05318379160636759,0.037993370361384164,0.0,0.043896572459410706,0.9251256818911114,0.6771308475655032,"rock, pop",0,0,0,0,0,0,0,0,0,0,0,1,1,0,0,0,0,0,0,0,0,0,0,0,0,0.6666666666666666,7
Missy Elliott,One Minute Man (feat. Ludacris),0.37717232571548664,1.0,2001,0.6404494382022472,0.58274231678487,0.6504607562758183,0.8181818181818182,0.597638106532266,1.0,0.5531837916063677,0.027234961999252443,3.015228426395939e-06,0.15694527961515334,0.5689378543159695,0.22422297655669884,"hip hop, pop, R&B",0,0,0,0,0,1,0,0,0,0,1,1,0,0,0,0,0,0,0,0,0,0,0,0,0,0.3333333333333333,4
iio,Rapture (feat.Nadia Ali),0.37878894020143017,0.0,2006,0.6067415730337079,0.6288416075650118,0.8474737845567206,0.7272727272727273,0.5984286984879928,1.0,0.0262301013024602,0.07395719260051017,0.01878172588832487,0.21346963319302467,0.6020964809070488,0.42380927124217677,Dance/Electronic,0,0,0,0,0,0,0,0,0,0,0,0,0,0,0,0,0,1,0,0,0,0,0,0,0,0.3333333333333333,2
P.O.D.,Youth of the Nation,0.38593976494425375,0.0,2001,0.7752808988764045,0.5130023640661938,0.8527698337040568,0.7272727272727273,0.6414171360806403,1.0,0.07036903039073808,0.008525577552345292,0.010761421319796955,0.4431749849669272,0.5122472991763826,0.25092818500053043,"rock, metal",0,0,0,0,0,0,0,0,0,0,0,0,1,0,0,0,0,0,0,0,0,0,1,0,0,1.0,7
Gorillaz,Clint Eastwood,0.6140979560604183,1.0,2001,0.8314606741573034,0.6312056737588653,0.6769410020124986,0.9090909090909091,0.5873604111078169,0.0,0.2673661360347323,0.025902968582988517,0.0,0.058087793144918826,0.5208043641031127,0.7155908560517662,hip hop,0,0,0,0,0,1,0,0,0,0,0,0,0,0,0,0,0,0,0,0,0,0,0,0,0,0.5555555555555556,4
Jennifer Lopez,Love Don't Cost a Thing,0.29159953225954205,0.0,2001,0.7528089887640449,0.7765957446808511,0.8337040567736468,0.36363636363636365,0.7608953453898606,0.0,0.0859261939218524,0.0031053889584713146,3.5939086294416242e-06,0.5429945880938063,0.6919456626377153,0.2490055160708603,"hip hop, pop, R&B",0,0,0,0,0,1,0,0,0,0,1,1,0,0,0,0,0,0,0,0,0,0,0,0,0,0.8888888888888888,4
Erick Sermon,Music (feat. Marvin Gaye),0.29673767196736595,1.0,2001,0.6404494382022472,0.9078014184397164,0.4354411608939731,0.9090909090909091,0.5663109002865895,0.0,0.32525325615050654,0.1915824573598169,1.3705583756345178e-06,0.06518340348767289,0.9048026526901273,0.26513604540150637,"hip hop, pop",0,0,0,0,0,1,0,0,0,0,0,1,0,0,0,0,0,0,0,0,0,0,0,0,0,0.8888888888888888,4
Craig David,Fill Me In,0.3885263481217634,0.0,2000,0.6741573033707865,0.6536643026004729,0.7299014934858595,0.7272727272727273,0.6686925585532167,1.0,0.02405933429811867,0.3852338078781878,0.00965482233502538,0.046301864101022244,0.8438335650871751,0.4804948552031399,"hip hop, pop, R&B",0,0,0,0,0,1,0,0,0,0,1,1,0,0,0,0,0,0,0,0,0,0,0,0,0,1.0,4
Destiny's Child,"Independent Women, Pt. 1",0.2913489570142208,0.0,2001,0.7303370786516854,0.710401891252955,0.5794936977015147,0.5454545454545454,0.8267615377013539,0.0,0.3306801736613604,0.3708892633953455,3.7461928934010152e-06,0.1773902585688515,0.9507968766713019,0.2515049856794314,"pop, R&B",0,0,0,0,0,0,0,0,0,0,1,0,0,1,0,0,0,0,0,0,0,0,0,0,0,0.8888888888888888,1
Gabrielle,Rise,0.2858524677620128,0.0,2001,0.6741573033707865,0.5070921985815604,0.45132930833598134,0.7272727272727273,0.5448660934874987,1.0,0.005065123010130247,0.32273257834580354,8.964467005076143e-06,0.08238123872519544,0.6341854743822869,0.561246950249284,"pop, R&B",0,0,0,0,0,0,0,0,0,0,1,0,0,1,0,0,0,0,0,0,0,0,0,0,0,0.0,9
Busta Rhymes,I Know What You Want (feat. Flipmode Squad),0.5693339009446418,1.0,2002,0.7640449438202247,0.6134751773049646,0.7457896409278678,0.5454545454545454,0.800424943176203,1.0,0.5115774240231549,0.014529794028734992,0.0,0.7534576067348167,0.5133169322922237,0.1722247268484141,"hip hop, pop",0,0,0,0,0,1,0,0,0,0,0,1,0,0,0,0,0,0,0,0,0,0,0,0,0,0.5555555555555556,4
Linkin Park,In the End,0.27988985466635774,0.0,2000,0.9325842696629213,0.504728132387707,0.8570066730219257,0.2727272727272727,0.7235892874789999,0.0,0.06367583212735167,0.009796094349397037,0.0,0.22549609140108237,0.38710022462295435,0.29916728545666704,"rock, metal",0,0,0,0,0,0,0,0,0,0,0,0,1,0,0,0,0,0,0,0,0,0,1,0,0,0.0,7
Busta Rhymes,Pass The Courvoisier Part II (feat. P. Diddy & Pharrell) - Remix,0.33841129905751377,1.0,2001,0.6179775280898876,0.6713947990543735,0.7818027751297533,0.5454545454545454,0.7814507362387587,0.0,0.54232995658466,0.08645743850698703,0.0,0.04858689116055322,0.558241523157557,0.1972260528269863,"hip hop, pop",0,0,0,0,0,1,0,0,0,0,0,1,0,0,0,0,0,0,0,0,0,0,0,0,0,0.3333333333333333,4
Disturbing Tha Peace,Move Bitch,0.42919228551567307,1.0,2002,0.6629213483146067,0.7659574468085106,0.73731596229213,0.09090909090909091,0.7323846229864611,1.0,0.1986251808972504,0.2510098559315921,0.0,0.09440769693325317,0.16354690341212966,0.781498620982285,"hip hop, pop",0,0,0,0,0,1,0,0,0,0,0,1,0,0,0,0,0,0,0,0,0,0,0,0,0,1.0,4
B2K,Uh Huh,0.29716876916361756,0.0,2002,0.550561797752809,0.8581560283687943,0.6631712742294249,0.18181818181818182,0.7688012649471292,1.0,0.08248914616497831,0.0902484966917382,3.756345177664975e-06,0.04533974744437764,0.9304738474703177,0.26307414872175666,"hip hop, pop, R&B",0,0,0,0,0,1,0,0,0,0,1,1,0,0,0,0,0,0,0,0,0,0,0,0,0,0.8888888888888888,4
Gareth Gates,Unchained Melody,0.3251173392681047,0.0,2003,0.39325842696629215,0.28250591016548465,0.3930727677152844,0.9090909090909091,0.6159205455084494,1.0,0.008140376266280754,0.2612559591336223,5.472081218274112e-06,0.10402886349969932,0.18173066638143118,0.3082966479261695,pop,0,0,0,0,0,0,0,0,0,0,0,0,0,1,0,0,0,0,0,0,0,0,0,0,0,0.8888888888888888,9
Sophie Ellis-Bextor,Murder On The Dancefloor,0.31527485140618516,0.0,2002,0.6966292134831461,0.7151300236406619,0.8400593157504501,0.09090909090909091,0.7524953058602628,0.0,0.013929088277858182,0.0031771116808855257,1.1776649746192895e-05,0.3505712567648827,0.8823403572574607,0.379833191895619,"pop, Dance/Electronic",0,0,0,0,0,0,0,0,0,0,0,0,0,1,0,1,0,0,0,0,0,0,0,0,0,0.8888888888888888,1
Justin Timberlake,Like I Love You,0.4597274387976699,0.0,2002,0.6966292134831461,0.8557919621749409,0.8008685520601632,0.5454545454545454,0.7701848008696511,0.0,0.07489146164978294,0.0449607205387647,0.0003116751269035533,0.05868911605532171,0.9219167825435876,0.364279463243874,pop,0,0,0,0,0,0,0,0,0,0,0,0,0,1,0,0,0,0,0,0,0,0,0,0,0,0.1111111111111111,1
A1,Caught in the Middle,0.2518308159053311,0.0,2001,0.5955056179775281,0.4609929078014185,0.8675987713165978,0.45454545454545453,0.7605494614092302,1.0,0.019536903039073815,0.053669908260490375,0.0,0.26638604930847865,0.5710771205476521,0.23902752731515864,pop,0,0,0,0,0,0,0,0,0,0,0,0,0,1,0,0,0,0,0,0,0,0,0,0,0,0.0,1
Missy Elliott,Work It,0.40476254627558966,1.0,2002,0.7865168539325843,0.892434988179669,0.658934434911556,0.09090909090909091,0.7367822907401917,1.0,0.4699710564399421,0.07969501039364708,0.0,0.06217678893565845,0.5839127179377473,0.2774543863371168,"hip hop, pop, R&B",0,0,0,0,0,1,0,0,0,0,1,1,0,0,0,0,0,0,0,0,0,0,0,0,0,1.0,4
Outkast,The Whole World (feat. Killer Mike),0.49130530842310033,1.0,2001,0.5730337078651685,0.8096926713947991,0.844296155068319,0.18181818181818182,0.7084692163257239,1.0,0.6834298118668597,0.09813799615730145,1.3401015228426397e-06,0.00877931449188214,0.7261739223446357,0.826502333722287,"hip hop, pop",0,0,0,0,0,1,0,0,0,0,0,1,0,0,0,0,0,0,0,0,0,0,0,0,0,0.1111111111111111,4
Beyoncé,Crazy In Love (feat. Jay-Z),0.33176431916280924,0.0,2003,0.8539325842696629,0.6111111111111112,0.7574409490520072,0.18181818181818182,0.687716177487894,0.0,0.3668596237337193,0.0025316071791576227,0.0,0.06013229104028863,0.6876671301743502,0.2595337859340194,"pop, R&B",0,0,0,0,0,0,0,0,0,0,1,0,0,1,0,0,0,0,0,0,0,0,0,0,0,0.3333333333333333,1
Busta Rhymes,I Know What You Want (feat. Flipmode Squad),0.5693339009446418,1.0,2002,0.7640449438202247,0.6134751773049646,0.7457896409278678,0.5454545454545454,0.800424943176203,1.0,0.5115774240231549,0.014529794028734992,0.0,0.7534576067348167,0.5133169322922237,0.1722247268484141,"hip hop, pop",0,0,0,0,0,1,0,0,0,0,0,1,0,0,0,0,0,0,0,0,0,0,0,0,0,0.5555555555555556,4
Lil' Kim,Magic Stick,0.6654335490615553,1.0,2019,0.5280898876404494,0.851063829787234,0.469335875436924,0.18181818181818182,0.6246664690186777,1.0,0.4500723589001448,0.11883512462540248,4.5583756345177664e-05,0.296452194828623,0.4962028024387635,0.21852789858915886,"hip hop, pop, R&B",0,0,0,0,0,1,0,0,0,0,1,1,0,0,0,0,0,0,0,0,0,0,0,0,0,0.5555555555555556,4
Sugababes,Too Lost In You,0.33596751682626247,0.0,2003,0.651685393258427,0.5401891252955082,0.688592310136638,0.09090909090909091,0.7713212768060085,0.0,0.0099493487698987,0.0496739280116986,0.0,0.1545399879735418,0.45020857845758905,0.2519027792510873,"pop, R&B",0,0,0,0,0,0,0,0,0,0,1,0,0,1,0,0,0,0,0,0,0,0,0,0,0,0.3333333333333333,1
50 Cent,21 Questions,0.30025919718924626,1.0,2003,0.8089887640449438,0.6111111111111112,0.8029869717190975,0.5454545454545454,0.8235991698784465,0.0,0.49891461649782926,0.3575693292327062,9.512690355329949e-05,0.025496091401082385,0.9165686169643813,0.21686379548106505,"hip hop, pop",0,0,0,0,0,1,0,0,0,0,0,1,0,0,0,0,0,0,0,0,0,0,0,0,0,0.8888888888888888,4
Floetry,Say Yes,0.41863040420750863,0.0,2002,0.6404494382022472,0.7304964539007093,0.3634148924902023,0.45454545454545453,0.37464176302006125,0.0,0.092438494934877,0.2161731050446894,1.4416243654822335e-06,0.1100420926037282,0.4170499518665098,0.3837514585764294,"hip hop, pop, R&B",0,0,0,0,0,1,0,0,0,0,1,1,0,0,0,0,0,0,0,0,0,0,0,0,0,1.0,4
Missy Elliott,Work It,0.40476254627558966,1.0,2002,0.7865168539325843,0.892434988179669,0.658934434911556,0.09090909090909091,0.7367822907401917,1.0,0.4699710564399421,0.07969501039364708,0.0,0.06217678893565845,0.5839127179377473,0.2774543863371168,"hip hop, pop, R&B",0,0,0,0,0,1,0,0,0,0,1,1,0,0,0,0,0,0,0,0,0,0,0,0,0,1.0,4
Audioslave,Like a Stone,0.48757092896057075,0.0,2002,0.8426966292134831,0.5732860520094563,0.5434805634996293,0.6363636363636364,0.7430082023915406,0.0,0.00795947901591896,0.008146471733870174,0.0,0.09404690318701141,0.5111776660605413,0.31710777553834735,"rock, metal",0,0,0,0,0,0,0,0,0,0,0,0,1,0,0,0,0,0,0,0,0,0,1,0,0,0.1111111111111111,7
Chingy,Holidae In,0.542643595781714,1.0,2003,0.6853932584269663,0.8049645390070923,0.7796843554708188,0.6363636363636364,0.7216622195869158,1.0,0.28545586107091175,0.09147802907598183,0.0,0.07492483463619964,0.9732591721039683,0.6168982709239419,"hip hop, pop, R&B",0,0,0,0,0,1,0,0,0,0,1,1,0,0,0,0,0,0,0,0,0,0,0,0,0,0.5555555555555556,4
Will Young,Leave Right Now,0.27410506916415645,0.0,2003,0.6179775280898876,0.6052009456264775,0.4131977544751615,0.5454545454545454,0.5850380472378693,1.0,0.024602026049204057,0.14854882391129004,0.0,0.10402886349969932,0.36891646165365277,0.14527421236872812,pop,0,0,0,0,0,0,0,0,0,0,0,0,0,1,0,0,0,0,0,0,0,0,0,0,0,0.0,9
Britney Spears,Toxic,0.2311758714899258,0.0,2003,0.9101123595505618,0.7624113475177305,0.829467217455778,0.45454545454545453,0.8202391540666073,0.0,0.16425470332850942,0.02549312445490731,0.02538071065989848,0.2651834034876729,0.947587977323778,0.550420335207383,pop,0,0,0,0,0,0,0,0,0,0,0,0,0,1,0,0,0,0,0,0,0,0,0,0,0,0.7777777777777778,1
Kelis,Trick Me,0.25086084721376495,1.0,2003,0.7078651685393258,0.9940898345153665,0.7044804575786463,0.09090909090909091,0.8482557564976776,0.0,0.2275687409551375,0.03778844829734356,0.0003949238578680203,0.3662056524353578,0.9882340357257461,0.3126060782857749,"pop, R&B, Dance/Electronic",0,0,0,0,0,0,0,0,0,0,1,0,0,1,0,1,0,0,0,0,0,0,0,0,0,0.0,1
Kelis,Milkshake,0.18759733366384118,0.0,2003,0.7640449438202247,0.888888888888889,0.7616777883698761,0.09090909090909091,0.7138057120268801,1.0,0.03744573082489147,0.010082985239053883,0.03512690355329949,0.22188815393866507,0.771098513209969,0.351046197093455,"pop, R&B, Dance/Electronic",0,0,0,0,0,0,0,0,0,0,1,0,0,1,0,1,0,0,0,0,0,0,0,0,0,0.6666666666666666,1
Sugababes,Too Lost In You,0.33596751682626247,0.0,2003,0.651685393258427,0.5401891252955082,0.688592310136638,0.09090909090909091,0.7713212768060085,0.0,0.0099493487698987,0.0496739280116986,0.0,0.1545399879735418,0.45020857845758905,0.2519027792510873,"pop, R&B",0,0,0,0,0,0,0,0,0,0,1,0,0,1,0,0,0,0,0,0,0,0,0,0,0,0.3333333333333333,1
N.E.R.D,She Wants To Move,0.2715535126338422,0.0,2004,0.6404494382022472,0.7529550827423168,0.8432369452388518,0.45454545454545453,0.7749283526040123,1.0,0.10021707670043417,0.0040992609690682445,0.0007553299492385787,0.28202044497895373,0.814953470959461,0.36459769810119874,hip hop,0,0,0,0,0,1,0,0,0,0,0,0,0,0,0,0,0,0,0,0,0,0,0,0,0,0.0,4
Franz Ferdinand,Take Me Out,0.33417038038938857,0.0,2004,0.8651685393258427,0.1749408983451537,0.644105497299015,0.36363636363636365,0.5777744836446289,0.0,0.0262301013024602,0.0003993931028151374,0.000517766497461929,0.137702946482261,0.5229436303347952,0.295308687811605,rock,0,0,0,0,0,0,0,0,0,0,0,0,1,0,0,0,0,0,0,0,0,0,0,0,0,0.3333333333333333,7
JUVENILE,Slow Motion,0.3642771308326104,1.0,2003,0.7191011235955056,0.6903073286052009,0.7193093951911874,0.0,0.7718153967783378,0.0,0.5459479015918959,0.5614667829531074,0.0,0.056764882742032466,0.9112204513851749,0.7482032990346877,"hip hop, pop",0,0,0,0,0,1,0,0,0,0,0,1,0,0,0,0,0,0,0,0,0,0,0,0,0,0.3333333333333333,4
Will Young,Leave Right Now,0.27410506916415645,0.0,2003,0.6179775280898876,0.6052009456264775,0.4131977544751615,0.5454545454545454,0.5850380472378693,1.0,0.024602026049204057,0.14854882391129004,0.0,0.10402886349969932,0.36891646165365277,0.14527421236872812,pop,0,0,0,0,0,0,0,0,0,0,0,0,0,1,0,0,0,0,0,0,0,0,0,0,0,0.0,9
Rihanna,Pon de Replay,0.3609361275616604,0.0,2005,0.8651685393258427,0.7683215130023641,0.6197436712212689,0.6363636363636364,0.5978357545211977,1.0,0.24565846599131697,0.00013914208148357017,0.000781725888324873,0.09561034275405894,0.49192426997539845,0.2585658215763234,"hip hop, pop, R&B",0,0,0,0,0,1,0,0,0,0,1,1,0,0,0,0,0,0,0,0,0,0,0,0,0,0.3333333333333333,4
Green Day,Boulevard of Broken Dreams,0.3994816056215074,1.0,2004,0.8089887640449438,0.42671394799054374,0.6610528545704905,0.7272727272727273,0.8318015614191125,1.0,0.013929088277858182,0.0040172921434520024,1.5634517766497465e-05,0.020204449789536984,0.5004813349021285,0.7095775432269014,rock,0,0,0,0,0,0,0,0,0,0,0,0,1,0,0,0,0,0,0,0,0,0,0,0,0,1.0,7
50 Cent,Just A Lil Bit,0.33600254347345787,1.0,2005,0.8539325842696629,0.425531914893617,0.6748225823535642,0.09090909090909091,0.6839608656981915,1.0,0.6997105643994211,0.03297277979238936,0.00617258883248731,0.3529765484064943,0.5229436303347952,0.2448220536756126,"hip hop, pop",0,0,0,0,0,1,0,0,0,0,0,1,0,0,0,0,0,0,0,0,0,0,0,0,0,0.3333333333333333,4
Fort Minor,Remember the Name (feat. Styles of Beyond),0.31656814299494,1.0,2005,0.8202247191011236,0.660756501182033,0.8262895879673763,0.7272727272727273,0.8079849787528413,1.0,0.12282923299565848,0.059715109149688195,2.913705583756345e-06,0.06975345760673482,0.9005241202267622,0.16467990877267427,"hip hop, pop, rock",0,0,0,0,0,1,0,0,0,0,0,1,0,0,0,0,0,0,0,0,0,0,0,0,1,0.8888888888888888,4
Mariah Carey,It's Like That,0.24346214158309668,0.0,2005,0.0,0.7931442080378251,0.6123292024149984,0.7272727272727273,0.7727542247257634,0.0,0.05101302460202606,0.09229771733214424,0.0,0.01202645820805773,0.8534602631297464,0.2382385700647078,"pop, R&B",0,0,0,0,0,0,0,0,0,0,1,0,0,1,0,0,0,0,0,0,0,0,0,0,0,0.7777777777777778,1
Black Eyed Peas,Don't Phunk With My Heart,0.3415717803775334,0.0,2005,0.6966292134831461,0.6631205673758864,0.9247961021078276,0.45454545454545453,0.8772605988734063,0.0,0.06837916063675832,0.009580926182154403,0.0,0.6319903788334337,0.6053053802545727,0.46986050705420607,"hip hop, pop",0,0,0,0,0,1,0,0,0,0,0,1,0,0,0,0,0,0,0,0,0,0,0,0,0,0.3333333333333333,4
Snoop Dogg,Signs,0.3335964822468786,1.0,2004,0.6067415730337079,0.958628841607565,0.6970659887723758,0.6363636363636364,0.7513588299239056,1.0,0.1877713458755427,0.03266539669632845,0.0007715736040609137,0.365003006614552,0.6716226334367312,0.35096000848626285,"hip hop, pop",0,0,0,0,0,1,0,0,0,0,0,1,0,0,0,0,0,0,0,0,0,0,0,0,0,0.3333333333333333,4
D4L,Laffy Taffy,0.2997553523411272,1.0,2005,0.7078651685393258,0.9007092198581561,0.4068424954983582,0.6363636363636364,0.6186382053562605,0.0,0.7322720694645442,0.03594414972097812,0.0,0.08622970535177392,0.6245587763397155,0.11589052720908029,"hip hop, pop",0,0,0,0,0,1,0,0,0,0,0,1,0,0,0,0,0,0,0,0,0,0,0,0,0,0.8888888888888888,4
Natalie Imbruglia,Shiver,0.2954443803786111,0.0,2005,0.5842696629213483,0.425531914893617,0.7870988242770893,0.09090909090909091,0.7917778436604408,1.0,0.015195369030390747,0.0011586293500855753,2.852791878172589e-06,0.153337342152736,0.2897636110813991,0.22637106184364061,"pop, Folk/Acoustic",0,0,0,0,0,0,0,0,0,0,0,0,0,1,0,0,1,0,0,0,0,0,0,0,0,0.8888888888888888,8
Papa Roach,Scars,0.2565001374122313,0.0,2004,0.6741573033707865,0.38534278959810875,0.9258553119372949,1.0,0.85082518035379,1.0,0.04739507959479016,0.08963373049961638,0.0,0.24594107035478052,0.4769494063536207,0.19732550121990028,"rock, metal",0,0,0,0,0,0,0,0,0,0,0,0,1,0,0,0,0,0,0,0,0,0,1,0,0,0.0,7
Ryan Cabrera,True,0.24565265421155016,0.0,2004,0.6966292134831461,0.5543735224586288,0.36553331214913676,0.5454545454545454,0.5168494910564284,1.0,0.0016280752532561533,0.4702764644550385,0.0,0.15574263379434758,0.3539415980318751,0.24476901453272518,pop,0,0,0,0,0,0,0,0,0,0,0,0,0,1,0,0,0,0,0,0,0,0,0,0,0,0.0,9
Toby Keith,As Good As I Once Was,0.309420012609593,0.0,2005,0.7528089887640449,0.6513002364066195,0.8633619319987289,0.45454545454545453,0.7932107915801956,1.0,0.029124457308248922,0.27252667265585556,0.0,0.1052315093205051,0.6502299711199059,0.39153495279516287,country,0,0,0,0,0,0,0,0,1,0,0,0,0,0,0,0,0,0,0,0,0,0,0,0,0,0.8888888888888888,9
Nelly,Grillz,0.42613957849471634,0.0,2005,0.6741573033707865,0.8723404255319149,0.47569113441372735,0.36363636363636365,0.6313370886451231,0.0,0.39399421128798845,0.036661376945120235,0.0,0.34335538184004805,0.8577387955931115,0.15233504826562,"hip hop, pop, R&B",0,0,0,0,0,1,0,0,0,0,1,1,0,0,0,0,0,0,0,0,0,0,0,0,0,1.0,4
D4L,Laffy Taffy,0.2997553523411272,1.0,2005,0.7078651685393258,0.9007092198581561,0.4068424954983582,0.6363636363636364,0.6186382053562605,0.0,0.7322720694645442,0.03594414972097812,0.0,0.08622970535177392,0.6245587763397155,0.11589052720908029,"hip hop, pop",0,0,0,0,0,1,0,0,0,0,0,1,0,0,0,0,0,0,0,0,0,0,0,0,0,0.8888888888888888,4
Rihanna,Unfaithful,0.3070840046774046,0.0,2006,0.7865168539325843,0.5425531914893617,0.35600042368393175,0.0,0.5883486510524756,0.0,0.018451519536903042,0.8596283861321862,0.0,0.2471437161755863,0.33254893571504973,0.5572424949612813,"hip hop, pop, R&B",0,0,0,0,0,1,0,0,0,0,1,1,0,0,0,0,0,0,0,0,0,0,0,0,0,0.8888888888888888,9
Leona Lewis,A Moment Like This,0.38877692336708464,0.0,2007,0.6404494382022472,0.15602836879432624,0.537125304522826,0.7272727272727273,0.8324439173831407,1.0,0.012481910274963821,0.43339049292772974,7.65482233502538e-06,0.13168971737823212,0.13787570863193926,0.06977299246844176,"pop, R&B",0,0,0,0,0,0,0,0,0,0,1,0,0,1,0,0,0,0,0,0,0,0,0,0,0,1.0,9
Nick Lachey,What's Left Of Me,0.3546124705641446,0.0,2006,0.4157303370786517,0.34397163120567376,0.7277830738269251,0.6363636363636364,0.7337187469117502,1.0,0.025868306801736615,0.145474992950681,0.0,0.14852675886951291,0.27371911434378005,0.5963323432693328,pop,0,0,0,0,0,0,0,0,0,0,0,0,0,1,0,0,0,0,0,0,0,0,0,0,0,0.3333333333333333,1
Hinder,Lips Of An Angel,0.3989077074789975,0.0,2019,0.39325842696629215,0.4078014184397163,0.7299014934858595,0.18181818181818182,0.7475046941397372,1.0,0.0197178002894356,0.021292222142074924,1.2385786802030457e-06,0.22549609140108237,0.21381965985666918,0.45736978890421126,"pop, rock, metal",0,0,0,0,0,0,0,0,0,0,0,0,0,1,0,0,0,0,0,0,0,0,1,0,1,1.0,7
Fort Minor,Where'd You Go (feat. Holly Brook & Jonah Matranga),0.32026749581027414,1.0,2005,0.47191011235955055,0.6560283687943264,0.8093422306959008,0.09090909090909091,0.8501334123925288,0.0,0.3885672937771346,0.26842823137504346,0.002,0.1100420926037282,0.22665525724676439,0.7954545454545454,"hip hop, pop, rock",0,0,0,0,0,1,0,0,0,0,0,1,0,0,0,0,0,0,0,0,0,0,0,0,1,0.8888888888888888,4
Westlife,The Rose,0.28588749440920824,0.0,2006,0.0,0.16903073286052012,0.15686897574409492,0.8181818181818182,0.5340448660934874,1.0,0.011215629522431261,0.8032748185210201,0.0,0.07095610342754059,0.14322387421114557,0.3285907499734805,pop,0,0,0,0,0,0,0,0,0,0,0,0,0,1,0,0,0,0,0,0,0,0,0,0,0,0.0,9
Razorlight,America,0.36848032849606355,0.0,2006,0.7528089887640449,0.3758865248226951,0.5434805634996293,0.18181818181818182,0.7678130250024706,1.0,0.013205499276411,0.30224037194174314,3.3096446700507615e-06,0.40108238123872514,0.11862231254679645,0.20495650790283235,"rock, pop",0,0,0,0,0,0,0,0,0,0,0,1,1,0,0,0,0,0,0,0,0,0,0,0,0,0.3333333333333333,7
James Morrison,You Give Me Something,0.2699018715007032,0.0,2006,0.7191011235955056,0.5082742316784871,0.6705857430356953,0.6363636363636364,0.6926573772111868,1.0,0.16425470332850942,0.2212961566457045,0.0,0.07696933253156946,0.5774949192426997,0.13083430571761961,"pop, R&B",0,0,0,0,0,0,0,0,0,0,1,0,0,1,0,0,0,0,0,0,0,0,0,0,0,0.0,9
Akon,Smack That,0.2677113588722497,1.0,2006,0.651685393258427,0.958628841607565,0.7288422836563924,0.45454545454545453,0.7583753335309813,0.0,0.04395803183791607,0.32478179898620957,0.0,0.08346361996392061,0.9561450422505081,0.39095815211626184,pop,0,0,0,0,0,0,0,0,0,0,0,0,0,1,0,0,0,0,0,0,0,0,0,0,0,0.0,1
Gym Class Heroes,Cupid's Chokehold / Breakfast in America - Radio Mix,0.3345664509384447,0.0,2007,0.6629213483146067,0.5378250591016548,0.6631712742294249,0.09090909090909091,0.7624271173040814,0.0,0.0993125904486252,0.5071624359823472,0.0,0.32170775706554416,0.8374157663921274,0.1304961811817121,"hip hop, pop",0,0,0,0,0,1,0,0,0,0,0,1,0,0,0,0,0,0,0,0,0,0,0,0,0,0.3333333333333333,4
Keyshia Cole,Last Night,0.384500978051764,0.0,2007,0.6741573033707865,0.9326241134751774,0.8495922042156551,0.2727272727272727,0.7649965411601937,0.0,0.07073082489146167,0.1700656406355535,0.00030456852791878173,0.07696933253156946,0.9989303668841587,0.4043372759096213,"hip hop, pop, R&B",0,0,0,0,0,1,0,0,0,0,1,1,0,0,0,0,0,0,0,0,0,0,0,0,0,1.0,4
Calvin Harris,Acceptable in the 80's,0.5945908079300329,0.0,2007,0.6404494382022472,0.7777777777777778,0.7976909225717616,0.6363636363636364,0.744144678327898,1.0,0.05047033285094067,0.014632255060755293,0.2609137055837564,0.0301864101022249,0.9668413734089207,0.45064044765036604,"hip hop, pop, Dance/Electronic",0,0,0,0,0,1,0,0,0,0,0,1,0,0,0,1,0,0,0,0,0,0,0,0,0,0.5555555555555556,4
Justin Timberlake,LoveStoned / I Think She Knows (Interlude),0.8927295457852166,1.0,2006,0.6404494382022472,0.8628841607565012,0.6631712742294249,0.09090909090909091,0.7049609645221859,1.0,0.05734442836468886,0.34834783635087907,0.0001634517766497462,0.23030667468430546,0.8705743929832067,0.40590856051766205,pop,0,0,0,0,0,0,0,0,0,0,0,0,0,1,0,0,0,0,0,0,0,0,0,0,0,0.4444444444444444,9
Kaiser Chiefs,Ruby,0.24572540186341763,0.0,2007,0.7528089887640449,0.3806146572104019,0.9364474102319669,0.45454545454545453,0.8742958790394307,0.0,0.05065123010130247,0.006875954936818429,4.923857868020305e-06,0.06722790138304269,0.43844261418333513,0.22141853187652488,rock,0,0,0,0,0,0,0,0,0,0,0,0,1,0,0,0,0,0,0,0,0,0,0,0,0,0.0,7
Elliott Yamin,Wait for You,0.39962710092524234,0.0,2007,0.651685393258427,0.7505910165484634,0.4576845673127846,0.0,0.6808973218697499,1.0,0.008863965267727933,0.2561329075326072,0.0,0.19542994588093807,0.3357578350625735,0.3713270393550441,set(),0,0,0,0,0,0,0,0,0,0,0,0,0,0,0,0,0,0,0,1,0,0,0,0,0,1.0,9
Wyclef Jean,"Sweetest Girl (Dollar Bill) (feat. Akon, Lil' Wayne & Niia)",0.34523610654567205,0.0,2007,0.6292134831460674,0.7139479905437353,0.7299014934858595,0.09090909090909091,0.8402016009487102,1.0,0.058068017366136045,0.07908024420152529,0.0,0.3842453397474444,0.5250828965664778,0.21544499840882575,set(),0,0,0,0,0,0,0,0,0,0,0,0,0,0,0,0,0,0,0,1,0,0,0,0,0,0.3333333333333333,1
Ludacris,Runaway Love,0.45178986167168717,1.0,2006,0.5730337078651685,0.3262411347517731,0.7055396674081136,0.09090909090909091,0.669236090522779,1.0,0.4699710564399421,0.3370771228286458,0.0,0.27720986169573064,0.8309979676970799,0.21769253208868147,"hip hop, pop",0,0,0,0,0,1,0,0,0,0,0,1,0,0,0,0,0,0,0,0,0,0,0,0,0,0.1111111111111111,4
Eric Prydz,Pjanoo - Radio Edit,0.11971569139907207,0.0,2008,0.7303370786516854,0.5626477541371159,0.8675987713165978,0.6363636363636364,0.7690977369305267,0.0,0.011396526772793054,0.0005571830921264025,0.8243654822335026,0.10883944678292243,0.8534602631297464,0.4373806619285033,"pop, Dance/Electronic",0,0,0,0,0,0,0,0,0,0,0,0,0,1,0,1,0,0,0,0,0,0,0,0,0,0.2222222222222222,1
Wiley,Wearing My Rolex - Radio Edit,0.15487166775339084,0.0,2008,0.6629213483146067,0.8829787234042553,0.7002436182607774,0.09090909090909091,0.6734855222848107,1.0,0.2022431259044863,0.04793209046735346,0.0004893401015228427,0.05435959110042092,0.766819980746604,0.47684178423676676,"hip hop, Dance/Electronic",0,0,0,0,0,1,0,0,0,0,0,0,0,0,0,1,0,0,0,0,0,0,0,0,0,0.6666666666666666,4
Jordin Sparks,One Step At a Time,0.2483119850409273,0.0,2007,0.6292134831460674,0.7529550827423168,0.6748225823535642,0.09090909090909091,0.7827848601640478,1.0,0.010311143270622289,0.0845106788986013,0.0,0.020324714371617557,0.6983634613327628,0.27851516919486585,"pop, R&B",0,0,0,0,0,0,0,0,0,0,1,0,0,1,0,0,0,0,0,0,0,0,0,0,0,0.0,1
Coldplay,Viva La Vida,0.34857710981662204,0.0,2008,0.898876404494382,0.4219858156028369,0.595381845143523,0.45454545454545453,0.6620713509240043,0.0,0.0099493487698987,0.09772815202922025,3.2791878172588834e-06,0.1052315093205051,0.4052839875922558,0.5171051235812029,"rock, pop",0,0,0,0,0,0,0,0,0,0,0,1,1,0,0,0,0,0,0,0,0,0,0,0,0,0.3333333333333333,7
Gavin DeGraw,In Love With a Girl,0.25057524532124825,0.0,2008,0.5730337078651685,0.36524822695035464,0.9014934858595488,0.2727272727272727,0.776460124518233,1.0,0.03726483357452967,0.01955038459772979,0.0,0.4227300060132291,0.6908760295218741,0.6754932640288533,"pop, Folk/Acoustic",0,0,0,0,0,0,0,0,0,0,0,0,0,1,0,0,1,0,0,0,0,0,0,0,0,0.0,8
Adele,Chasing Pavements,0.2627160201106842,0.0,2008,0.011235955056179775,0.5732860520094563,0.4396780002118419,0.45454545454545453,0.7127186480877556,0.0,0.0041606367583212735,0.29814193066093103,0.0,0.10763680096211665,0.31115627339822444,0.13277023443301159,"pop, R&B",0,0,0,0,0,0,0,0,0,0,1,0,0,1,0,0,0,0,0,0,0,0,0,0,0,0.0,9
Black Eyed Peas,I Gotta Feeling,0.474565265421155,0.0,2009,0.898876404494382,0.7257683215130024,0.7532041097341383,0.0,0.6986362288763711,1.0,0.00596960926193922,0.08942880843557578,0.0,0.5862898376428142,0.6117231789496202,0.4504415508645381,"hip hop, pop",0,0,0,0,0,1,0,0,0,0,0,1,0,0,0,0,0,0,0,0,0,0,0,0,0,0.1111111111111111,4
Shakira,She Wolf,0.20441012431765396,0.0,2009,0.7640449438202247,0.8699763593380615,0.6727041626946297,0.6363636363636364,0.6456171558454392,1.0,0.038169319826338644,0.2919942687397129,0.016446700507614213,0.24473842453397476,0.8866188897208258,0.4108146812347513,"pop, latin",0,0,0,0,0,0,1,0,0,0,0,0,0,1,0,0,0,0,0,0,0,0,0,0,0,0.7777777777777778,1
Dizzee Rascal,Bonkers,0.17398274533472002,0.0,2011,0.42696629213483145,0.5851063829787234,0.9766973837517212,1.0,0.8486016404783081,0.0,0.3560057887120116,0.006281680951100678,0.0,0.2784125075165364,0.750775484008985,0.43828895725045086,"hip hop, pop, Dance/Electronic",0,0,0,0,0,1,0,0,0,0,0,1,0,0,0,1,0,0,0,0,0,0,0,0,0,0.6666666666666666,4
Rihanna,Russian Roulette,0.30859284486428523,1.0,2009,0.7191011235955056,0.4148936170212766,0.4566253574833174,0.5454545454545454,0.7293210791580196,0.0,0.038892908827785816,0.04711240221119104,0.0,0.10282621767889355,0.2426997539843834,0.13281001379017718,"hip hop, pop, R&B",0,0,0,0,0,1,0,0,0,0,1,1,0,0,0,0,0,0,0,0,0,0,0,0,0,0.8888888888888888,4
Eminem,Crack A Bottle,0.4971628415771691,1.0,2009,0.7865168539325843,0.45744680851063835,0.8675987713165978,0.8181818181818182,0.8865994663504297,1.0,0.2945007235890015,0.08850665914739307,0.0,0.18220084185207455,0.3774735265803829,0.7262517237721439,hip hop,0,0,0,0,0,1,0,0,0,0,0,0,0,0,0,0,0,0,0,0,0,0,0,0,0,0.1111111111111111,4
Sean Kingston,Fire Burning,0.34214567852004335,0.0,2009,0.797752808988764,0.8392434988179669,0.7934540832538927,0.09090909090909091,0.8894653621899397,1.0,0.01754703328509407,0.01965284562975009,0.0,0.37221888153938665,0.9090811851534923,0.4173782751670733,"hip hop, pop, R&B",0,0,0,0,0,1,0,0,0,0,1,1,0,0,0,0,0,0,0,0,0,0,0,0,0,0.3333333333333333,4
Beyoncé,Single Ladies (Put a Ring on It),0.2161224962683149,0.0,2008,0.7528089887640449,0.35106382978723405,0.5604279207711047,0.09090909090909091,0.7521000098823994,1.0,0.4934876989869754,0.039222902745627786,0.0,0.20024052916416116,0.25018718579527227,0.8845470457197413,"pop, R&B",0,0,0,0,0,0,0,0,0,0,1,0,0,1,0,0,0,0,0,0,0,0,0,0,0,0.7777777777777778,9
JLS,Everybody in Love,0.22251620656022159,0.0,2013,0.43820224719101125,0.6808510638297872,0.771210676835081,0.45454545454545453,0.7185986757584741,0.0,0.01718523878437048,0.07201043299212444,0.0,0.407095610342754,0.6609263022783186,0.5304113185530921,pop,0,0,0,0,0,0,0,0,0,0,0,0,0,1,0,0,0,0,0,0,0,0,0,0,0,0.7777777777777778,1
Kelly Clarkson,Already Gone,0.45416089625107103,0.0,2009,0.6292134831460674,0.0945626477541371,0.8654803516576633,0.8181818181818182,0.8655993675264355,1.0,0.09497105643994212,0.22232076696590752,0.0,0.06650631389055922,0.27371911434378005,0.12013365864007637,"pop, R&B",0,0,0,0,0,0,0,0,0,0,1,0,0,1,0,0,0,0,0,0,0,0,0,0,0,0.1111111111111111,9
Asher Roth,I Love College,0.3473915925269301,1.0,2009,0.6966292134831461,0.6903073286052009,0.8167566995021713,0.7272727272727273,0.812283822512106,1.0,0.39761215629522434,0.09188787320406304,0.0,0.48045700541190617,0.6694833672050488,0.17519491885011143,"hip hop, pop",0,0,0,0,0,1,0,0,0,0,0,1,0,0,0,0,0,0,0,0,0,0,0,0,0,0.3333333333333333,4
Stromae,Alors on danse - Radio Edit,0.25075307291470206,0.0,2010,0.8651685393258427,0.7825059101654847,0.566783179747908,0.09090909090909091,0.5587508647099516,0.0,0.10148335745296672,0.10182659331003234,0.0020609137055837565,0.052315093205051115,0.722965022997112,0.3973427389413387,pop,0,0,0,0,0,0,0,0,0,0,0,0,0,1,0,0,0,0,0,0,0,0,0,0,0,0.0,1
David Guetta,Memories (feat. Kid Cudi),0.2636509621550549,0.0,2010,0.8539325842696629,0.49290780141843976,0.912085584154221,0.7272727272727273,0.8193497381164148,1.0,0.4193198263386397,0.0014557663429444515,4.406091370558376e-06,0.2760072158749248,0.36035939672692263,0.4638538241222022,"hip hop, pop, Dance/Electronic",0,0,0,0,0,1,0,0,0,0,0,1,0,0,0,1,0,0,0,0,0,0,0,0,0,0.0,4
Rihanna,Te Amo,0.25711175655941326,1.0,2009,0.7528089887640449,0.5177304964539007,0.6907107297955725,0.7272727272727273,0.744095266330665,0.0,0.10600578871201158,0.5542945107116862,0.0001786802030456853,0.09440769693325317,0.7625414482832389,0.7418717513524982,"hip hop, pop, R&B",0,0,0,0,0,1,0,0,0,0,1,1,0,0,0,0,0,0,0,0,0,0,0,0,0,0.0,4
Edward Maya,Stereo Love - Radio Edit,0.19284324767072797,0.0,2010,0.7415730337078652,0.7919621749408984,0.771210676835081,0.09090909090909091,0.8211285700168001,0.0,0.016280752532561508,0.03543184456087661,0.018883248730964464,0.06518340348767289,0.5860519841694298,0.44434867932534206,pop,0,0,0,0,0,0,0,0,0,0,0,0,0,1,0,0,0,0,0,0,0,0,0,0,0,0.6666666666666666,1
Edward Maya,Stereo Love - Radio Edit,0.19284324767072797,0.0,2010,0.7415730337078652,0.7919621749408984,0.771210676835081,0.09090909090909091,0.8211285700168001,0.0,0.016280752532561508,0.03543184456087661,0.018883248730964464,0.06518340348767289,0.5860519841694298,0.44434867932534206,pop,0,0,0,0,0,0,0,0,0,0,0,0,0,1,0,0,0,0,0,0,0,0,0,0,0,0.6666666666666666,1
Ne-Yo,Beautiful Monster,0.3733651986010896,0.0,2010,0.6404494382022472,0.6843971631205673,0.7585001588814745,0.45454545454545453,0.6682478505781203,0.0,0.1950072358900145,0.21412388440428337,5.401015228426396e-06,0.30727600721587495,0.4876457375120334,0.4507929351861674,"pop, R&B",0,0,0,0,0,0,0,0,0,0,1,0,0,1,0,0,0,0,0,0,0,0,0,0,0,0.3333333333333333,1
Maroon 5,Misery,0.2780576915822884,0.0,2010,0.7528089887640449,0.6784869976359338,0.799809342230696,0.36363636363636365,0.7728036367229963,0.0,0.03473227206946455,0.00030307973271605346,0.0,0.2339146121467228,0.7358006203872072,0.2848135674127506,pop,0,0,0,0,0,0,0,0,0,0,0,0,0,1,0,0,0,0,0,0,0,0,0,0,0,0.0,1
Rihanna,What's My Name?,0.4046197453293313,0.0,2010,0.7415730337078652,0.6654846335697399,0.7743883063234828,0.18181818181818182,0.8674276114240538,1.0,0.0828509406657019,0.23564070112854682,0.0,0.06999398677089597,0.582843084821906,0.26523549379442035,"hip hop, pop, R&B",0,0,0,0,0,1,0,0,0,0,1,1,0,0,0,0,0,0,0,0,0,0,0,0,0,1.0,4
The Saturdays,Higher,0.2549212439309598,0.0,2010,0.6853932584269663,0.6028368794326241,0.8548882533629912,0.9090909090909091,0.8509734163454887,1.0,0.0197178002894356,0.050186233171800106,6.913705583756345e-06,0.2916416115453999,0.5967483153278426,0.37785085393020046,"pop, Dance/Electronic",0,0,0,0,0,0,0,0,0,0,0,0,0,1,0,1,0,0,0,0,0,0,0,0,0,0.0,1
Two Door Cinema Club,What You Know,0.20663835795077948,0.0,2010,0.0,0.4976359338061466,0.7394343819510645,0.5454545454545454,0.8158414863128768,0.0,0.03165701881331404,0.0006616933447871105,7.85786802030457e-06,0.08490679494888755,0.8588084287089528,0.523953802906545,"World/Traditional, rock, pop",1,0,0,0,0,0,0,0,0,0,0,1,0,0,0,0,0,0,0,0,0,0,0,0,1,0.7777777777777778,1
Alicia Keys,Empire State of Mind (Part II) Broken Down,0.27881211167572867,0.0,2009,0.797752808988764,0.41962174940898345,0.33163859760618575,0.5454545454545454,0.6290147247751754,1.0,0.0197178002894356,0.7581919644320873,3.878172588832487e-05,0.11605532170775706,0.11113488073590758,0.21814999469608573,"pop, R&B",0,0,0,0,0,0,0,0,0,0,1,0,0,1,0,0,0,0,0,0,0,0,0,0,0,0.0,9
Taylor Swift,Back To December,0.485054399077452,0.0,2010,0.7303370786516854,0.4728132387706856,0.6515199661052855,0.18181818181818182,0.7832295681391441,1.0,0.012843704775687415,0.1198597349456055,0.0,0.375826819001804,0.26516204941704996,0.5428158480958948,pop,0,0,0,0,0,0,0,0,0,0,0,0,0,1,0,0,0,0,0,0,0,0,0,0,0,0.1111111111111111,1
The Band Perry,If I Die Young,0.2957677032757998,0.0,2010,0.7191011235955056,0.5638297872340425,0.4682766656074568,0.36363636363636365,0.6869749975294,1.0,0.008140376266280754,0.35654471891250317,0.0,0.3048707155742634,0.3464541662209862,0.4688660231250663,country,0,0,0,0,0,0,0,0,1,0,0,0,0,0,0,0,0,0,0,0,0,0,0,0,0,0.8888888888888888,9
Maroon 5,"Moves Like Jagger - Studio Recording From ""The Voice"" Performance",0.2384317761743357,0.0,2010,0.8651685393258427,0.7009456264775413,0.7479080605868023,1.0,0.7933096155746615,0.0,0.04395803183791607,0.011968268228227441,0.0,0.3529765484064943,0.626698042571398,0.4509984618648563,pop,0,0,0,0,0,0,0,0,0,0,0,0,0,1,0,0,0,0,0,0,0,0,0,0,0,0.7777777777777778,1
Jennifer Lopez,On The Floor,0.4630684420686199,0.0,2011,0.8876404494382022,0.710401891252955,0.7648554178582777,0.2727272727272727,0.7569917976084594,0.0,0.047756874095513754,0.10756441110316925,0.0004852791878172589,0.05724594107035477,0.5742860198951759,0.463966532300838,"hip hop, pop, R&B",0,0,0,0,0,1,0,0,0,0,1,1,0,0,0,0,0,0,0,0,0,0,0,0,0,0.1111111111111111,4
Edward Maya,Stereo Love - Radio Edit,0.19284324767072797,0.0,2010,0.7415730337078652,0.7919621749408984,0.771210676835081,0.09090909090909091,0.8211285700168001,0.0,0.016280752532561508,0.03543184456087661,0.018883248730964464,0.06518340348767289,0.5860519841694298,0.44434867932534206,pop,0,0,0,0,0,0,0,0,0,0,0,0,0,1,0,0,0,0,0,0,0,0,0,0,0,0.6666666666666666,1
Edward Maya,Stereo Love - Radio Edit,0.19284324767072797,0.0,2010,0.7415730337078652,0.7919621749408984,0.771210676835081,0.09090909090909091,0.8211285700168001,0.0,0.016280752532561508,0.03543184456087661,0.018883248730964464,0.06518340348767289,0.5860519841694298,0.44434867932534206,pop,0,0,0,0,0,0,0,0,0,0,0,0,0,1,0,0,0,0,0,0,0,0,0,0,0,0.6666666666666666,1
LMFAO,Sexy And I Know It,0.23300803457399513,0.0,2011,0.7528089887640449,0.6832151300236406,0.853829043533524,0.6363636363636364,0.8048720229271668,1.0,0.5296671490593343,0.10244135950215415,0.0,0.2038484666265785,0.8096053053802547,0.46410576005091747,"hip hop, pop, Dance/Electronic",0,0,0,0,0,1,0,0,0,0,0,1,0,0,0,1,0,0,0,0,0,0,0,0,0,0.7777777777777778,4
DJ Fresh,Louder (feat. Sian Evans) - Radio Edit,0.25266606672306857,0.0,2012,0.6179775280898876,0.21394799054373523,0.9226776824488931,0.5454545454545454,0.9577527423658464,0.0,0.041968162083936326,0.018833157373587678,0.008040609137055838,0.555021046301864,0.4865761043961921,0.5292709769810119,"pop, Dance/Electronic",0,0,0,0,0,0,0,0,0,0,0,0,0,1,0,1,0,0,0,0,0,0,0,0,0,0.0,1
The Wanted,Glad You Came,0.22884525227269054,0.0,2011,0.8651685393258427,0.7009456264775413,0.8432369452388518,0.6363636363636364,0.8222650459531573,0.0,0.07362518089725037,0.03266539669632845,0.0,0.10402886349969932,0.4427211466467002,0.44331441603903693,"pop, Dance/Electronic",0,0,0,0,0,0,0,0,0,0,0,0,0,1,0,1,0,0,0,0,0,0,0,0,0,0.7777777777777778,1
Kesha,We R Who We R,0.24723424205029826,0.0,2010,0.797752808988764,0.7174940898345153,0.8072238110369664,0.7272727272727273,0.7715189247949402,1.0,0.03165701881331404,0.010093231342255914,0.0016954314720812184,0.11485267588695129,0.6577174029307947,0.3973361090484778,"pop, Dance/Electronic",0,0,0,0,0,0,0,0,0,0,0,0,0,1,0,1,0,0,0,0,0,0,0,0,0,0.0,1
Rihanna,We Found Love,0.2754333874001067,0.0,2011,0.8426966292134831,0.7163120567375887,0.7532041097341383,0.09090909090909091,0.7920249036466054,1.0,0.027315484804630977,0.025595585486927613,0.0014010152284263959,0.10402886349969932,0.6010268477912076,0.4506072981860614,"hip hop, pop, R&B",0,0,0,0,0,1,0,0,0,0,1,1,0,0,0,0,0,0,0,0,0,0,0,0,0,0.0,4
Rihanna,What's My Name?,0.4046197453293313,0.0,2010,0.7415730337078652,0.6654846335697399,0.7743883063234828,0.18181818181818182,0.8674276114240538,1.0,0.0828509406657019,0.23564070112854682,0.0,0.06999398677089597,0.582843084821906,0.26523549379442035,"hip hop, pop, R&B",0,0,0,0,0,1,0,0,0,0,1,1,0,0,0,0,0,0,0,0,0,0,0,0,0,1.0,4
Jason Aldean,Dirt Road Anthem,0.31365823692024164,0.0,2010,0.5955056179775281,0.6489361702127661,0.7246054443385235,0.18181818181818182,0.7632177092598083,1.0,0.02170767004341535,0.32785562994681866,2.3959390862944163e-06,0.11365003006614552,0.6630655685100011,0.4443221597538984,country,0,0,0,0,0,0,0,0,1,0,0,0,0,0,0,0,0,0,0,0,0,0,0,0,0,0.8888888888888888,9
Grouplove,Tongue Tied,0.2829425616873144,0.0,2011,0.8876404494382022,0.5094562647754138,0.9332697807435654,0.2727272727272727,0.7253187073821523,1.0,0.03744573082489147,0.008658776893971685,0.0,0.1677690920024053,0.3560808642635576,0.3509931579505675,"pop, rock, Folk/Acoustic",0,0,0,0,0,0,0,0,0,0,0,0,0,1,0,0,1,0,0,0,0,0,0,0,1,0.0,8
The Band Perry,If I Die Young,0.2957677032757998,0.0,2010,0.7191011235955056,0.5638297872340425,0.4682766656074568,0.36363636363636365,0.6869749975294,1.0,0.008140376266280754,0.35654471891250317,0.0,0.3048707155742634,0.3464541662209862,0.4688660231250663,country,0,0,0,0,0,0,0,0,1,0,0,0,0,0,0,0,0,0,0,0,0,0,0,0,0,0.8888888888888888,9
Rihanna,We Found Love,0.2754333874001067,0.0,2011,0.8426966292134831,0.7163120567375887,0.7532041097341383,0.09090909090909091,0.7920249036466054,1.0,0.027315484804630977,0.025595585486927613,0.0014010152284263959,0.10402886349969932,0.6010268477912076,0.4506072981860614,"hip hop, pop, R&B",0,0,0,0,0,1,0,0,0,0,1,1,0,0,0,0,0,0,0,0,0,0,0,0,0,0.0,4
The Wanted,Chasing The Sun,0.2311758714899258,0.0,2012,0.7752808988764045,0.6004728132387707,0.717190975532253,0.6363636363636364,0.7068386204170373,0.0,0.13259768451519538,0.24998524561138907,0.0,0.5730607336139506,0.686597497058509,0.45142277500795586,"pop, Dance/Electronic",0,0,0,0,0,0,0,0,0,0,0,0,0,1,0,1,0,0,0,0,0,0,0,0,0,0.7777777777777778,1
DJ Fresh,Hot Right Now (feat. RITA ORA) - Radio Edit,0.18680788692320544,0.0,2012,0.651685393258427,0.466903073286052,0.9714013346043852,0.36363636363636365,0.9361102875778239,0.0,0.03599855282199711,0.006701771182383916,0.0005888324873096446,0.24353577871316898,0.46839234142689057,0.7624244192213854,"pop, Dance/Electronic",0,0,0,0,0,0,0,0,0,0,0,0,0,1,0,1,0,0,0,0,0,0,0,0,0,0.6666666666666666,1
LMFAO,Sexy And I Know It,0.23300803457399513,0.0,2011,0.7528089887640449,0.6832151300236406,0.853829043533524,0.6363636363636364,0.8048720229271668,1.0,0.5296671490593343,0.10244135950215415,0.0,0.2038484666265785,0.8096053053802547,0.46410576005091747,"hip hop, pop, Dance/Electronic",0,0,0,0,0,1,0,0,0,0,0,1,0,0,0,1,0,0,0,0,0,0,0,0,0,0.7777777777777778,4
Asaf Avidan & the Mojos,One Day / Reckoning Song (Wankelmut Remix) [Radio Edit],0.2677113588722497,0.0,2012,0.0,0.817966903073286,0.6578752250820888,0.2727272727272727,0.6990809368514675,0.0,0.05698263386396527,0.1915824573598169,0.00010152284263959392,0.08562838244137103,0.5571718900417157,0.3911172695449242,pop,0,0,0,0,0,0,0,0,0,0,0,0,0,1,0,0,0,0,0,0,0,0,0,0,0,0.0,1
Maroon 5,Payphone,0.3184003060790093,1.0,2012,0.9213483146067416,0.7257683215130024,0.7383751721215973,0.36363636363636365,0.775817768554205,1.0,0.0329232995658466,0.019243001501668886,0.0,0.3193024654239326,0.542197026419938,0.33146812347512467,pop,0,0,0,0,0,0,0,0,0,0,0,0,0,1,0,0,0,0,0,0,0,0,0,0,0,0.8888888888888888,1
James Arthur,Impossible,0.25984383504065783,0.0,2013,0.8426966292134831,0.2919621749408984,0.6780002118419659,0.0,0.7773495404684257,0.0,0.12680897250361794,0.13830272070925986,0.0,0.10643415514131088,0.2822761792705102,0.7260660867720377,pop,0,0,0,0,0,0,0,0,0,0,0,0,0,1,0,0,0,0,0,0,0,0,0,0,0,0.0,1
Grimes,Oblivion,0.3725380308557818,0.0,2012,0.0,0.6713947990543735,0.5021713801504077,0.18181818181818182,0.5769344796916691,1.0,0.019175108538350215,0.11781051430519945,0.9147208121827411,0.08177991581479255,0.47908867258530324,0.6361713694706693,"pop, rock, Dance/Electronic",0,0,0,0,0,0,0,0,0,0,0,0,0,1,0,1,0,0,0,0,0,0,0,0,1,0.3333333333333333,1
Jessie J,Domino,0.3201974425158832,0.0,2011,0.8314606741573034,0.7434988179669031,0.53182925537549,0.6363636363636364,0.7879237078762724,1.0,0.019536903039073815,0.011968268228227441,0.0,0.024413710162357185,0.7946304417584769,0.44398403521799096,"hip hop, pop",0,0,0,0,0,1,0,0,0,0,0,1,0,0,0,0,0,0,0,0,0,0,0,0,0,0.8888888888888888,4
Tyga,Faded,0.2523696874006456,1.0,2012,0.651685393258427,0.8297872340425532,0.6483423366168839,0.09090909090909091,0.5966992785848404,1.0,0.29811866859623737,0.010533813779943212,0.0,0.3950691521346963,0.3218526045566371,0.23240426434708814,"hip hop, pop",0,0,0,0,0,1,0,0,0,0,0,1,0,0,0,0,0,0,0,0,0,0,0,0,0,0.0,4
Ellie Goulding,Lights - Single Version,0.2636509621550549,0.0,2010,0.7078651685393258,0.6536643026004729,0.7839211947886877,0.7272727272727273,0.7087656883091215,0.0,0.024421128798842267,0.03041125399188181,0.039695431472081225,0.13168971737823212,0.7935608086426357,0.3977206428344118,"pop, rock, Dance/Electronic",0,0,0,0,0,0,0,0,0,0,0,0,0,1,0,1,0,0,0,0,0,0,0,0,1,0.0,1
Disclosure,Latch,0.38429890124102106,0.0,2013,0.8314606741573034,0.44208037825059104,0.7118949263849168,0.09090909090909091,0.7440458543334322,1.0,0.2601302460202605,0.016271631573080127,9.593908629441625e-05,0.08177991581479255,0.5165258316397476,0.41082794102047315,"pop, Dance/Electronic",0,0,0,0,0,0,0,0,0,0,0,0,0,1,0,1,0,0,0,0,0,0,0,0,0,1.0,1
Demi Lovato,Give Your Heart a Break,0.24881313553156978,0.0,2011,0.797752808988764,0.6170212765957447,0.6780002118419659,0.5454545454545454,0.8546299041407254,1.0,0.0461287988422576,0.23564070112854682,0.0,0.14732411304870716,0.5678682212001283,0.4176103214172059,pop,0,0,0,0,0,0,0,0,0,0,0,0,0,1,0,0,0,0,0,0,0,0,0,0,0,0.0,1
Arctic Monkeys,Why'd You Only Call Me When You're High?,0.12966056484510138,0.0,2013,0.9438202247191011,0.6643026004728132,0.610210782756064,0.18181818181818182,0.6935467931613796,1.0,0.024602026049204057,0.04946900594765799,1.1472081218274112e-05,0.09921828021647623,0.814953470959461,0.21205712315688985,rock,0,0,0,0,0,0,0,0,0,0,0,0,1,0,0,0,0,0,0,0,0,0,0,0,0,0.6666666666666666,7
Eminem,Berzerk,0.33880467524909336,1.0,2013,0.7415730337078652,0.7210401891252955,0.8654803516576633,1.0,0.8130744144678327,0.0,0.5604196816208394,0.022214371430257646,0.0,0.2868310282621768,0.6908760295218741,0.23247719316855844,hip hop,0,0,0,0,0,1,0,0,0,0,0,0,0,0,0,0,0,0,0,0,0,0,0,0,0,0.3333333333333333,4
Imagine Dragons,Demons,0.17380222338378967,0.0,2012,0.9101123595505618,0.4444444444444445,0.6938883592839742,0.2727272727272727,0.8646605395790098,1.0,0.016099855282199708,0.19465628832042597,0.0002538071065989848,0.29765484064942876,0.4170499518665098,0.19835976450620563,rock,0,0,0,0,0,0,0,0,0,0,0,0,1,0,0,0,0,0,0,0,0,0,0,0,0,0.6666666666666666,7
Ellie Goulding,Burn,0.3185026916631191,0.0,2014,0.7865168539325843,0.5082742316784871,0.7648554178582777,0.09090909090909091,0.7650459531574266,1.0,0.03617945007235891,0.31760952674478843,0.0,0.100420926037282,0.31115627339822444,0.1789872175665642,"pop, rock, Dance/Electronic",0,0,0,0,0,0,0,0,0,0,0,0,0,1,0,1,0,0,0,0,0,0,0,0,1,0.8888888888888888,1
Duke Dumont,Need U (100%) [feat. A*M*E] - Radio Edit,0.16665409299844267,0.0,2013,0.30337078651685395,0.6524822695035462,0.8262895879673763,0.0,0.7317422670224331,0.0,0.04667149059334299,0.001783641645409418,0.0018578680203045685,0.3998797354179194,0.46090490961600167,0.42449878009971354,"pop, Dance/Electronic",0,0,0,0,0,0,0,0,0,0,0,0,0,1,0,1,0,0,0,0,0,0,0,0,0,0.6666666666666666,1
Wale,Bad (feat. Rihanna) - Remix,0.33902022384721914,1.0,2013,0.6853932584269663,0.8014184397163121,0.6854146806482364,0.5454545454545454,0.6878150014823599,0.0,0.09334298118668598,0.3145356957841794,0.0,0.10763680096211665,0.43737298106749384,0.3581401824546515,"hip hop, pop, R&B",0,0,0,0,0,1,0,0,0,0,1,1,0,0,0,0,0,0,0,0,0,0,0,0,0,0.3333333333333333,4
Olly Murs,Dear Darlin',0.25158024066000984,0.0,2012,0.6629213483146067,0.4527186761229315,0.8188751191611058,1.0,0.7827848601640478,0.0,0.04015918958031839,0.006404634189525041,8.862944162436548e-06,0.11725796752856284,0.32292223767247835,0.42432640288532947,"pop, Dance/Electronic",0,0,0,0,0,0,0,0,0,0,0,0,0,1,0,1,0,0,0,0,0,0,0,0,0,0.0,1
One Direction,Best Song Ever,0.23469470235432957,0.0,2013,0.8539325842696629,0.6182033096926715,0.8707764008049995,0.09090909090909091,0.8660934874987647,1.0,0.042149059334298127,0.023238981750460665,0.0,0.06903187011425135,0.47908867258530324,0.38766309536437893,pop,0,0,0,0,0,0,0,0,0,0,0,0,0,1,0,0,0,0,0,0,0,0,0,0,0,0.7777777777777778,1
J. Cole,Power Trip (feat. Miguel),0.34530885419753954,1.0,2013,0.0,0.6359338061465721,0.5879673763372524,0.09090909090909091,0.665085482755213,1.0,0.35057887120115777,0.3299048505872247,0.00020609137055837564,0.486470234515935,0.45662637715263665,0.26501007743714866,hip hop,0,0,0,0,0,1,0,0,0,0,0,0,0,0,0,0,0,0,0,0,0,0,0,0,0,0.3333333333333333,4
Paramore,Still into You,0.27755384673416933,0.0,2013,0.8876404494382022,0.5591016548463357,0.9195000529604915,0.45454545454545453,0.8277003656487795,1.0,0.03762662807525326,0.0100215086198417,0.0,0.04161154539987973,0.7775163119050166,0.5038121883950355,"pop, rock",0,0,0,0,0,0,0,0,0,0,0,0,0,1,0,0,0,0,0,0,0,0,0,0,1,0.0,1
David Guetta,Lovers on the Sun (feat. Sam Martin),0.2438932387793483,0.0,2014,0.5617977528089888,0.6099290780141844,0.8856053384175405,0.5454545454545454,0.8898606581678031,0.0,0.02803907380607815,0.09547400932477361,3.939086294416244e-06,0.42994588093806374,0.5667985880842871,0.43025352710300213,"hip hop, pop, Dance/Electronic",0,0,0,0,0,1,0,0,0,0,0,1,0,0,0,1,0,0,0,0,0,0,0,0,0,0.7777777777777778,4
Taylor Swift,Bad Blood,0.2665608682297533,0.0,2014,0.6067415730337079,0.6111111111111112,0.7828619849592204,0.6363636363636364,0.7120268801264947,1.0,0.30173661360347326,0.09065834081981941,6.253807106598986e-06,0.21587492483463622,0.2662316825328912,0.7305943035960539,pop,0,0,0,0,0,0,0,0,0,0,0,0,0,1,0,0,0,0,0,0,0,0,0,0,0,0.0,1
Lilly Wood and The Prick,Prayer in C - Robin Schulz Radio Edit,0.20584621685266716,0.0,2014,0.7415730337078652,0.7458628841607565,0.8803092892702045,0.8181818181818182,0.7489870540567249,0.0,0.004703328509406661,0.022419293494298248,7.543147208121828e-06,0.7233914612146723,0.7935608086426357,0.4175705420600403,"pop, rock",0,0,0,0,0,0,0,0,0,0,0,0,0,1,0,0,0,0,0,0,0,0,0,0,1,0.7777777777777778,1
Becky G,Shower,0.2510225086623593,0.0,2014,0.8764044943820225,0.6737588652482269,0.5021713801504077,0.18181818181818182,0.6406759561221465,1.0,0.0461287988422576,0.03246047463228785,3.644670050761421e-05,0.3168971737823211,0.088672585303241,0.39758141508433226,"pop, latin",0,0,0,0,0,0,1,0,0,0,0,0,0,1,0,0,0,0,0,0,0,0,0,0,0,0.0,9
Lorde,Team,0.21570487085944615,0.0,2013,0.8539325842696629,0.6631205673758864,0.5540726617943015,0.5454545454545454,0.6462100998122344,1.0,0.12608538350217077,0.17109025095575653,0.0,0.34095009019843653,0.4042143544764146,0.2648111806513207,"pop, Dance/Electronic",0,0,0,0,0,0,0,0,0,0,0,0,0,1,0,1,0,0,0,0,0,0,0,0,0,0.7777777777777778,1
Klingande,Jubel - Radio Edit,0.23879012571871985,0.0,2013,0.5617977528089888,0.6583924349881798,0.4968753310030717,0.0,0.6553513193003261,1.0,0.020079594790159187,0.6649524252936124,0.05776649746192893,0.1425135297654841,0.06096908760295219,0.4304060146388035,"pop, Dance/Electronic",0,0,0,0,0,0,0,0,0,0,0,0,0,1,0,1,0,0,0,0,0,0,0,0,0,0.7777777777777778,9
Ellie Goulding,Burn,0.3185026916631191,0.0,2014,0.7865168539325843,0.5082742316784871,0.7648554178582777,0.09090909090909091,0.7650459531574266,1.0,0.03617945007235891,0.31760952674478843,0.0,0.100420926037282,0.31115627339822444,0.1789872175665642,"pop, rock, Dance/Electronic",0,0,0,0,0,0,0,0,0,0,0,0,0,1,0,1,0,0,0,0,0,0,0,0,1,0.8888888888888888,1
Duke Dumont,I Got U,0.46503532302651784,0.0,2014,0.7528089887640449,0.599290780141844,0.7479080605868023,0.8181818181818182,0.6305959086866292,0.0,0.021345875542691763,0.003843108389017489,0.007959390862944163,0.07648827420324714,0.4544871109209541,0.40321682401612396,"pop, Dance/Electronic",0,0,0,0,0,0,0,0,0,0,0,0,0,1,0,1,0,0,0,0,0,0,0,0,0,0.1111111111111111,1
Disclosure,Latch,0.38429890124102106,0.0,2013,0.8314606741573034,0.44208037825059104,0.7118949263849168,0.09090909090909091,0.7440458543334322,1.0,0.2601302460202605,0.016271631573080127,9.593908629441625e-05,0.08177991581479255,0.5165258316397476,0.41082794102047315,"pop, Dance/Electronic",0,0,0,0,0,0,0,0,0,0,0,0,0,1,0,1,0,0,0,0,0,0,0,0,0,1.0,1
Alesso,Heroes (we could be),0.26099163132567776,0.0,2014,0.5842696629213483,0.4633569739952719,0.7404935917805318,0.45454545454545453,0.8088743947030338,1.0,0.0727206946454414,0.03819829242542477,0.0,0.26157546602525555,0.3357578350625735,0.4366248541423571,"pop, Dance/Electronic",0,0,0,0,0,0,0,0,0,0,0,0,0,1,0,1,0,0,0,0,0,0,0,0,0,0.0,1
Clean Bandit,Rather Be (feat. Jess Glynne),0.309401152107257,0.0,2014,0.8089887640449438,0.7919621749408984,0.5625463404300391,1.0,0.6808479098725171,1.0,0.0262301013024602,0.1659671993547414,2.0609137055837566e-06,0.20625375826819003,0.5464755588833031,0.40409859976662776,"pop, Dance/Electronic",0,0,0,0,0,0,0,0,0,0,0,0,0,1,0,1,0,0,0,0,0,0,0,0,0,0.8888888888888888,1
Wiz Khalifa,See You Again (feat. Charlie Puth),0.3139600049576178,0.0,2015,0.9101123595505618,0.6619385342789598,0.45132930833598134,0.9090909090909091,0.6428994959976282,1.0,0.1054630969609262,0.37806153563676664,1.0456852791878173e-06,0.052194828622970535,0.26195315006952613,0.132637636575793,"hip hop, pop",0,0,0,0,0,1,0,0,0,0,0,1,0,0,0,0,0,0,0,0,0,0,0,0,0,0.8888888888888888,4
Calvin Harris,Outside (feat. Ellie Goulding),0.30787345141804034,0.0,2014,0.8764044943820225,0.6111111111111112,0.8135790700137697,0.18181818181818182,0.8099120466449253,0.0,0.02930535455861071,0.21822232568509545,0.0,0.36139506915213465,0.4063536207080971,0.4509387928291078,"hip hop, pop, Dance/Electronic",0,0,0,0,0,1,0,0,0,0,0,1,0,0,0,1,0,0,0,0,0,0,0,0,0,0.8888888888888888,4
Philip George,Wish You Were Mine - Radio Edit,0.1739477186875246,0.0,2014,0.7303370786516854,0.6205673758865249,0.8231119584789747,0.6363636363636364,0.8078861547583754,0.0,0.011034732272069468,0.012890417516410159,0.09147208121827412,0.09681298857486469,0.39458765643384314,0.4175705420600403,"pop, Dance/Electronic",0,0,0,0,0,0,0,0,0,0,0,0,0,1,0,1,0,0,0,0,0,0,0,0,0,0.6666666666666666,1
KALEO,Way down We Go,0.2871107327035722,0.0,2015,0.7078651685393258,0.5449172576832151,0.5540726617943015,0.9090909090909091,0.7271469512797707,0.0,0.053545586107091175,0.6270418434461006,0.00016446700507614215,0.07480457005411906,0.24163012086854213,0.14349740108199852,"rock, classical",0,0,1,0,0,0,0,0,0,0,0,0,1,0,0,0,0,0,0,0,0,0,0,0,0,0.8888888888888888,6
Avicii,Waiting For Love,0.3168914658921287,0.0,2015,0.8876404494382022,0.5319148936170213,0.7214278148501219,0.5454545454545454,0.8227591659254867,0.0,0.05336468885672938,0.31760952674478843,0.0,0.2122669873722189,0.614932078297144,0.4507001166861143,"pop, Dance/Electronic",0,0,0,0,0,0,0,0,0,0,0,0,0,1,0,1,0,0,0,0,0,0,0,0,0,0.8888888888888888,1
Travis Scott,Antidote,0.40332645374057646,1.0,2015,0.8202247191011236,0.6903073286052009,0.49899375066200613,0.09090909090909091,0.7643047731989328,1.0,0.01591895803183792,0.007839088637809268,0.000150253807106599,0.12327119663259171,0.09936891646165368,0.470927919804816,"hip hop, Dance/Electronic",0,0,0,0,0,1,0,0,0,0,0,0,0,0,0,1,0,0,0,0,0,0,0,0,0,1.0,4
Silentó,Watch Me (Whip / Nae Nae),0.19434669914265545,0.0,2015,0.0,0.8156028368794326,0.7553225293930728,0.7272727272727273,0.5925486708172744,1.0,0.20043415340086834,0.2397391424093589,0.0,0.375826819001804,0.9903733019574286,0.5301461228386549,hip hop,0,0,0,0,0,1,0,0,0,0,0,0,0,0,0,0,0,0,0,0,0,0,0,0,0,0.6666666666666666,4
Zara Larsson,Never Forget You,0.27058623829975265,0.0,2017,0.8202247191011236,0.5366430260047281,0.717190975532253,1.0,0.7306057910860757,0.0,0.04070188133140376,0.0031771116808855257,1.001015228426396e-05,0.29765484064942876,0.25446571825863734,0.5699917789328524,"pop, Dance/Electronic",0,0,0,0,0,0,0,0,0,0,0,0,0,1,0,1,0,0,0,0,0,0,0,0,0,0.0,1
Drake,Jumpman,0.25024922806658295,1.0,2015,0.0,0.8557919621749409,0.5328884652049571,0.09090909090909091,0.6456171558454392,1.0,0.3234442836468886,0.047317324275231644,0.0,0.3842453397474444,0.658787036046636,0.544049008168028,"hip hop, pop, R&B",0,0,0,0,0,1,0,0,0,0,1,1,0,0,0,0,0,0,0,0,0,0,0,0,0,0.0,4
Petit Biscuit,Sunset Lover,0.33623425821644315,0.0,2015,0.797752808988764,0.7730496453900709,0.43650037072344033,0.5454545454545454,0.5455084494515268,1.0,0.04902315484804631,0.746921250909854,0.8213197969543148,0.1052315093205051,0.21168039362498664,0.2043266680810438,Dance/Electronic,0,0,0,0,0,0,0,0,0,0,0,0,0,0,0,0,0,1,0,0,0,0,0,0,0,0.3333333333333333,2
Ariana Grande,One Last Time,0.22704272712086349,0.0,2014,0.8876404494382022,0.5898345153664303,0.5699608092363097,0.7272727272727273,0.764798893171262,1.0,0.016461649782923308,0.095269087260733,1.6751269035532996e-06,0.08959711365003008,0.07048882233393945,0.4309894452105654,pop,0,0,0,0,0,0,0,0,0,0,0,0,0,1,0,0,0,0,0,0,0,0,0,0,0,0.7777777777777778,1
Adele,Hello,0.49172562818944565,0.0,2015,0.011235955056179775,0.40425531914893614,0.39836881686262043,0.45454545454545453,0.7107915801956716,0.0,0.0198986975397974,0.3370771228286458,0.0,0.07684906794948888,0.26837094876457374,0.6494709345496976,"pop, R&B",0,0,0,0,0,0,0,0,0,0,1,0,0,1,0,0,0,0,0,0,0,0,0,0,0,0.1111111111111111,9
David Guetta,This One's for You (feat. Zara Larsson) (Official Song UEFA EURO 2016),0.25400246803144855,0.0,2016,0.7640449438202247,0.28132387706855794,0.9110263743247538,0.8181818181818182,0.8428698487992885,0.0,0.0463096960926194,0.002234470186298747,5.898477157360406e-05,0.08298256163559832,0.34966306556851,0.3324891269757081,"hip hop, pop, Dance/Electronic",0,0,0,0,0,1,0,0,0,0,0,1,0,0,0,1,0,0,0,0,0,0,0,0,0,0.0,4
Lil Wayne,"Sucker for Pain (with Wiz Khalifa, Imagine Dragons, Logic & Ty Dolla $ign feat. X Ambassadors)",0.3515867071179536,1.0,2016,0.8426966292134831,0.44089834515366433,0.7743883063234828,0.8181818181818182,0.7973119873505287,0.0,0.5314761215629523,0.2612559591336223,0.0,0.7558628983764282,0.7497058508931437,0.7226715816272408,"hip hop, pop",0,0,0,0,0,1,0,0,0,0,0,1,0,0,0,0,0,0,0,0,0,0,0,0,0,0.3333333333333333,4
DJ Snake,Let Me Love You,0.25042975001751333,0.0,2016,0.9101123595505618,0.6146572104018913,0.7002436182607774,0.7272727272727273,0.7482458740982311,1.0,0.021164978292329963,0.08840419811537277,2.6700507614213198e-05,0.13650030066145522,0.1335971761685742,0.26499018775856586,"hip hop, pop, Dance/Electronic",0,0,0,0,0,1,0,0,0,0,0,1,0,0,0,1,0,0,0,0,0,0,0,0,0,0.0,4
Calvin Harris,This Is What You Came For (feat. Rihanna),0.29411606214266084,0.0,2016,0.8876404494382022,0.5933806146572104,0.9237368922783604,0.8181818181818182,0.8759264749481175,0.0,0.018089725036179456,0.20387778120225317,0.12081218274111674,0.15213469633193025,0.45662637715263665,0.4239352392065345,"hip hop, pop, Dance/Electronic",0,0,0,0,0,1,0,0,0,0,0,1,0,0,0,1,0,0,0,0,0,0,0,0,0,0.8888888888888888,4
Kevin Gates,2 Phones,0.3421833995247153,1.0,2016,0.7752808988764045,0.905437352245863,0.6631712742294249,0.6363636363636364,0.7533847218104556,0.0,0.605643994211288,0.1608441477537263,0.0,0.20144317498496694,0.5518237244625094,0.41038373819879076,"hip hop, pop",0,0,0,0,0,1,0,0,0,0,0,1,0,0,0,0,0,0,0,0,0,0,0,0,0,0.3333333333333333,4
Fitz and The Tantrums,HandClap,0.21623027056737779,0.0,2016,0.7191011235955056,0.599290780141844,0.8273487977968436,0.7272727272727273,0.8652040715485719,1.0,0.03527496382054994,0.006220204331888497,0.00015939086294416242,0.07372218881539387,0.7240346561129533,0.5299737456242706,"pop, rock",0,0,0,0,0,0,0,0,0,0,0,0,0,1,0,0,0,0,0,0,0,0,0,0,1,0.7777777777777778,1
Shawn Mendes,Treat You Better,0.20200406309107466,0.0,2017,0.9213483146067416,0.37234042553191493,0.8093422306959008,0.9090909090909091,0.8121355865204072,0.0,0.574891461649783,0.10858902142337226,0.0,0.10282621767889355,0.7582629158198738,0.15033945051447967,pop,0,0,0,0,0,0,0,0,0,0,0,0,0,1,0,0,0,0,0,0,0,0,0,0,0,0.7777777777777778,1
Drake,Pop Style,0.2692902523535213,1.0,2016,0.7078651685393258,0.6903073286052009,0.4312043215761042,0.6363636363636364,0.5181836149817176,1.0,0.18053545586107092,0.19670550896083203,2.1928934010152287e-06,0.100420926037282,0.022783185367418975,0.48420759520526147,"hip hop, pop, R&B",0,0,0,0,0,1,0,0,0,0,1,1,0,0,0,0,0,0,0,0,0,0,0,0,0,0.0,4
Tory Lanez,LUV,0.31157549859085104,1.0,2016,0.0,0.660756501182033,0.5148818981040144,1.0,0.6120169977270481,0.0,0.16425470332850942,0.012070729260247742,0.0,0.12206855081178593,0.22344635789924058,0.23264294049008166,"hip hop, pop, R&B",0,0,0,0,0,1,0,0,0,0,1,1,0,0,0,0,0,0,0,0,0,0,0,0,0,0.8888888888888888,4
Beyoncé,Sorry,0.3221373798990155,1.0,2016,0.7528089887640449,0.7635933806146572,0.5752568583836458,0.18181818181818182,0.6542148433639687,1.0,0.05481186685962374,0.0017733955422073878,4.50761421319797e-06,0.2784125075165364,0.3400363675259386,0.4638869735865068,"pop, R&B",0,0,0,0,0,0,0,0,0,0,1,0,0,1,0,0,0,0,0,0,0,0,0,0,0,0.8888888888888888,9
Sam Smith,Too Good At Goodbyes,0.23710345793838544,0.0,2017,0.8876404494382022,0.6524822695035462,0.33587543692405464,0.45454545454545453,0.6066310900286589,1.0,0.03617945007235891,0.6557309324117852,0.0,0.1773902585688515,0.46839234142689057,0.21118860719210783,pop,0,0,0,0,0,0,0,0,0,0,0,0,0,1,0,0,0,0,0,0,0,0,0,0,0,0.7777777777777778,9
Clean Bandit,Rockabye (feat. Sean Paul & Anne-Marie),0.3720584352249519,0.0,2016,0.8426966292134831,0.6985815602836879,0.7500264802457367,0.8181818181818182,0.8126297064927364,0.0,0.0526410998552822,0.4159721174842784,0.0,0.19061936259771498,0.7529147502406675,0.2780974859446272,"pop, Dance/Electronic",0,0,0,0,0,0,0,0,0,0,0,0,0,1,0,1,0,0,0,0,0,0,0,0,0,0.3333333333333333,1
Maroon 5,Cold (feat. Future),0.3268471167680643,1.0,2017,0.0,0.6713947990543735,0.7002436182607774,0.8181818181818182,0.7029350726356359,0.0,0.16244573082489147,0.1208843452658085,0.0,0.02513529765484065,0.5004813349021285,0.26443990665110856,pop,0,0,0,0,0,0,0,0,0,0,0,0,0,1,0,0,0,0,0,0,0,0,0,0,0,0.8888888888888888,1
Lil Peep,Save That Shit,0.3194053014177709,1.0,2017,0.8651685393258427,0.4787234042553192,0.5593687109416375,0.18181818181818182,0.5851368712323352,1.0,0.010130246020260494,0.02682511787117124,0.0,0.48045700541190617,0.11434378008343138,0.3048292139599024,hip hop,0,0,0,0,0,1,0,0,0,0,0,0,0,0,0,0,0,0,0,0,0,0,0,0,0,0.8888888888888888,4
Charlie Puth,Attention,0.265326852505483,0.0,2017,0.0,0.7624113475177305,0.6049147336087279,0.2727272727272727,0.7946437394999506,0.0,0.03617945007235891,0.09926506750952478,3.1675126903553296e-05,0.0761274804570054,0.7903519092951118,0.2653415720801952,pop,0,0,0,0,0,0,0,0,0,0,0,0,0,1,0,0,0,0,0,0,0,0,0,0,0,0.0,1
Anne-Marie,Ciao Adios,0.23468931363937642,0.0,2017,0.6404494382022472,0.6725768321513002,0.8760724499523356,0.36363636363636365,0.8615475837533353,0.0,0.11414616497829234,0.1301058381476357,0.0,0.1545399879735418,0.4352337148358113,0.3053993847459425,"pop, Dance/Electronic",0,0,0,0,0,0,0,0,0,0,0,0,0,1,0,1,0,0,0,0,0,0,0,0,0,0.7777777777777778,1
Kendrick Lamar,DNA.,0.1965426004860621,1.0,2017,0.0,0.599290780141844,0.4894608621968012,0.0,0.6796620219389268,1.0,0.6092619392185239,0.0040992609690682445,0.0,0.07925435959110044,0.38068242592790674,0.5297881086241646,hip hop,0,0,0,0,0,1,0,0,0,0,0,0,0,0,0,0,0,0,0,0,0,0,0,0,0,0.6666666666666666,4
XXXTENTACION,Jocelyn Flores,0.01652449440381952,1.0,2017,0.9325842696629213,0.8782505910165485,0.35600042368393175,0.0,0.5618144085383932,0.0,0.3958031837916064,0.48052256765706863,4.192893401015229e-06,0.33132892363199035,0.42667664990908116,0.49062533149464294,hip hop,0,0,0,0,0,1,0,0,0,0,0,0,0,0,0,0,0,0,0,0,0,0,0,0,0,0.2222222222222222,4
Drake,Passionfruit,0.5009888291939021,1.0,2017,0.0,0.8037825059101655,0.43226353140557144,1.0,0.4514774187172645,1.0,0.02966714905933431,0.26228056945382533,0.08629441624365483,0.1052315093205051,0.3485934324526687,0.34449586294685486,"hip hop, pop, R&B",0,0,0,0,0,1,0,0,0,0,1,1,0,0,0,0,0,0,0,0,0,0,0,0,0,0.1111111111111111,4
Alessia Cara,Scars To Your Beautiful,0.31584874954869513,0.0,2016,0.8539325842696629,0.22458628841607567,0.7246054443385235,0.0,0.7300128471192805,1.0,0.4500723589001448,0.029181721607638184,0.0,0.10763680096211665,0.4395122472991764,0.889400127293943,"pop, R&B",0,0,0,0,0,0,0,0,0,0,1,0,0,1,0,0,0,0,0,0,0,0,0,0,0,0.8888888888888888,1
Starley,Call on Me - Ryan Riback Remix,0.2937927392454721,0.0,2016,0.5393258426966292,0.6394799054373523,0.829467217455778,0.0,0.8144579503903548,1.0,0.023516642547033294,0.061969251854134835,0.0006203045685279188,0.16536380036079376,0.7251042892287946,0.29821921077755387,"pop, Dance/Electronic",0,0,0,0,0,0,0,0,0,0,0,0,0,1,0,1,0,0,0,0,0,0,0,0,0,0.8888888888888888,1
AJR,Weak,0.23753455513463703,0.0,2017,0.0,0.6430260047281324,0.6165660417328673,0.45454545454545453,0.7903943077379187,1.0,0.035636758321273526,0.14035194134966592,0.0,0.19542994588093807,0.6844582308268264,0.42405457727803125,rock,0,0,0,0,0,0,0,0,0,0,0,0,1,0,0,0,0,0,0,0,0,0,0,0,0,0.7777777777777778,7
Lorde,Homemade Dynamite - REMIX,0.27281447193287817,1.0,2017,0.0898876404494382,0.7706855791962175,0.5222963669102849,0.0,0.7667259610633461,0.0,0.09623733719247468,0.23461609080834378,0.0,0.12687913409500903,0.14643277355866938,0.31145247692797284,"pop, Dance/Electronic",0,0,0,0,0,0,0,0,0,0,0,0,0,1,0,1,0,0,0,0,0,0,0,0,0,0.0,1
Cardi B,I Like It,0.37826084613602196,1.0,2018,0.8876404494382022,0.8120567375886525,0.7108357165554496,0.45454545454545453,0.8160885462990414,0.0,0.19138929088277862,0.10141674918195114,0.0,0.4215273601924233,0.654508503583271,0.5040641243237509,"hip hop, pop",0,0,0,0,0,1,0,0,0,0,0,1,0,0,0,0,0,0,0,0,0,0,0,0,0,0.3333333333333333,4
Ariana Grande,no tears left to cry,0.2503596967231224,0.0,2018,0.8651685393258427,0.6737588652482269,0.6970659887723758,0.8181818181818182,0.7415258424745528,0.0,0.06548480463096962,0.04096474028997292,3.1573604060913705e-06,0.327720986169573,0.33789710129425604,0.41088098016336055,pop,0,0,0,0,0,0,0,0,0,0,0,0,0,1,0,0,0,0,0,0,0,0,0,0,0,0.0,1
Sheck Wes,Mo Bamba,0.19104611123385407,1.0,2018,0.8651685393258427,0.7092198581560284,0.6038555237792607,0.36363636363636365,0.7534341338076885,1.0,0.015014471780028947,0.19875472960123808,0.010010152284263961,0.2723992784125075,0.23842122152101833,0.5702702344330115,hip hop,0,0,0,0,0,1,0,0,0,0,0,0,0,0,0,0,0,0,0,0,0,0,0,0,0,0.6666666666666666,4
Migos,Walk It Talk It,0.43957633923038375,1.0,2018,0.8426966292134831,0.9196217494089836,0.6123292024149984,0.18181818181818182,0.7594129854728728,1.0,0.2908827785817656,0.08973619153163669,2.6395939086294416e-06,0.10162357185808778,0.381752059043748,0.5694746472896997,"hip hop, pop",0,0,0,0,0,1,0,0,0,0,0,1,0,0,0,0,0,0,0,0,0,0,0,0,0,1.0,4
Jonas Blue,Rise,0.21933955909534253,0.0,2018,0.7865168539325843,0.6595744680851064,0.7733290964940155,0.09090909090909091,0.7838719241031722,1.0,0.018270622286541256,0.3350279021882398,0.0,0.21828021647624776,0.6598566691624773,0.3051540787100881,"pop, Dance/Electronic",0,0,0,0,0,0,0,0,0,0,0,0,0,1,0,1,0,0,0,0,0,0,0,0,0,0.7777777777777778,1
Migos,Stir Fry,0.20824150064934016,1.0,2018,0.8089887640449438,0.8132387706855791,0.8061646012074991,0.18181818181818182,0.7467141021840102,1.0,0.44464544138929096,0.002675052623986046,0.0,0.16536380036079376,0.5026206011338111,0.8086016229977724,"hip hop, pop",0,0,0,0,0,1,0,0,0,0,0,1,0,0,0,0,0,0,0,0,0,0,0,0,0,0.7777777777777778,4
Camila Cabello,Never Be the Same,0.3070840046774046,0.0,2018,0.8314606741573034,0.6004728132387707,0.6970659887723758,0.0,0.7995355272260104,1.0,0.09316208393632418,0.18543479543859878,0.0006467005076142132,0.13890559230306676,0.2191678254358755,0.4634560305505463,pop,0,0,0,0,0,0,0,0,0,0,0,0,0,1,0,0,0,0,0,0,0,0,0,0,0,0.8888888888888888,1
Dua Lipa,IDGAF,0.2827620397363841,1.0,2017,0.8764044943820225,0.8356973995271867,0.518059527592416,0.6363636363636364,0.7184010277695424,1.0,0.1286179450072359,0.04127212338603383,0.0,0.07324113048707157,0.5047598673654936,0.24536570489020904,pop,0,0,0,0,0,0,0,0,0,0,0,0,0,1,0,0,0,0,0,0,0,0,0,0,0,0.0,1
Lil Dicky,Freaky Friday (feat. Chris Brown),0.2792189596546911,1.0,2018,0.7865168539325843,0.739952718676123,0.576316068213113,0.7272727272727273,0.7645024211878644,1.0,0.3632416787264834,0.1505980445516961,0.0,0.1052315093205051,0.766819980746604,0.4846716877055266,"hip hop, pop",0,0,0,0,0,1,0,0,0,0,0,1,0,0,0,0,0,0,0,0,0,0,0,0,0,0.0,4
Lauv,I Like Me Better,0.2275007678918808,0.0,2018,0.9101123595505618,0.7364066193853428,0.47675034424319457,0.8181818181818182,0.6370688803241427,1.0,0.4157018813314038,0.548146848790468,2.588832487309645e-06,0.09921828021647623,0.40742325382393835,0.21183170679961813,"pop, Dance/Electronic",0,0,0,0,0,0,0,0,0,0,0,0,0,1,0,1,0,0,0,0,0,0,0,0,0,0.7777777777777778,9
Lil Nas X,Old Town Road - Remix,0.1187295565626465,0.0,2019,0.8876404494382022,0.8853427895981087,0.5975002648024574,0.5454545454545454,0.7389070066212077,1.0,0.14254703328509408,0.05459205754867309,0.0,0.1100420926037282,0.642742539309017,0.5040177150737244,"hip hop, pop",0,0,0,0,0,1,0,0,0,0,0,1,0,0,0,0,0,0,0,0,0,0,0,0,0,0.2222222222222222,4
Gesaffelstein,Lost in the Fire (feat. The Weeknd),0.24004839066027925,1.0,2019,0.9438202247191011,0.6252955082742317,0.6525791759347528,0.18181818181818182,0.41031722502223533,1.0,0.02369753979739508,0.0955764703567939,0.0009411167512690356,0.11244738424533975,0.136806075516098,0.27147422297655666,Dance/Electronic,0,0,0,0,0,0,0,0,0,0,0,0,0,0,0,0,0,1,0,0,0,0,0,0,0,0.7777777777777778,2
Halsey,Without Me,0.23888173387292333,1.0,2018,0.8651685393258427,0.7364066193853428,0.45874377714225184,0.5454545454545454,0.6652831307441446,1.0,0.0855643994211288,0.30428959258214916,9.248730964467005e-06,0.08671076368009621,0.5293614290298428,0.5040177150737244,"pop, Dance/Electronic",0,0,0,0,0,0,0,0,0,0,0,0,0,1,0,1,0,0,0,0,0,0,0,0,0,0.7777777777777778,9
Offset,Clout (feat. Cardi B),0.25004445689836347,1.0,2019,0.7640449438202247,0.933806146572104,0.600677894290859,0.09090909090909091,0.6487795236683467,1.0,0.13838639652677281,0.23359148048814077,4.304568527918782e-06,0.12086590499098016,0.4127714194031447,0.5304113185530921,"hip hop, pop",0,0,0,0,0,1,0,0,0,0,0,1,0,0,0,0,0,0,0,0,0,0,0,0,0,0.0,4
Mabel,Mad Love,0.15307453131651694,0.0,2019,0.0,0.5933806146572104,0.7923948734244255,0.0,0.8666864314655598,0.0,0.23842257597684516,0.691592293618891,0.0,0.10643415514131088,0.622419510108033,0.9152301898801315,"pop, Dance/Electronic",0,0,0,0,0,0,0,0,0,0,0,0,0,1,0,1,0,0,0,0,0,0,0,0,0,0.6666666666666666,1
Lil Nas X,Old Town Road,0.0,0.0,2019,0.8539325842696629,0.9196217494089836,0.503230589979875,0.09090909090909091,0.7116315841486313,1.0,0.1877713458755427,0.05920280398958668,2.263959390862944e-06,0.09561034275405894,0.5015509680179698,0.5037326296807043,"hip hop, pop",0,0,0,0,0,1,0,0,0,0,0,1,0,0,0,0,0,0,0,0,0,0,0,0,0,0.2222222222222222,4
Drake,Money In The Grave (Drake ft. Rick Ross),0.2490286841296956,1.0,2019,0.8539325842696629,0.8297872340425532,0.4735727147547929,0.9090909090909091,0.8137661824290938,0.0,0.041244573082489154,0.10346596982235717,0.0,0.12086590499098016,0.06727992298641568,0.26865651851066086,"hip hop, pop, R&B",0,0,0,0,0,1,0,0,0,0,1,1,0,0,0,0,0,0,0,0,0,0,0,0,0,0.0,4
Anuel AA,China,0.5084629768339144,0.0,2019,0.8539325842696629,0.7765957446808511,0.7976909225717616,0.6363636363636364,0.830714497479988,1.0,0.11758321273516643,0.08666236057102762,0.00029340101522842637,0.07300060132291039,0.610653545833779,0.29839821788479903,latin,0,0,0,0,0,0,0,0,0,0,0,0,0,0,1,0,0,0,0,0,0,0,0,0,0,0.1111111111111111,0
Calvin Harris,Giant (with Rag'n'Bone Man),0.3130412290581065,0.0,2019,0.8202247191011236,0.8014184397163121,0.8813684990996716,0.09090909090909091,0.8006225911651349,0.0,0.023335745296671494,0.016374092605100428,0.0005106598984771574,0.07167769092002406,0.6074446464862552,0.41102683780630106,"hip hop, pop, Dance/Electronic",0,0,0,0,0,1,0,0,0,0,0,1,0,0,0,1,0,0,0,0,0,0,0,0,0,0.8888888888888888,4
Megan Thee Stallion,Hot Girl Summer (feat. Nicki Minaj & Ty Dolla $ign),0.23286523362773678,1.0,2019,0.7752808988764045,0.8782505910165485,0.8040461815485648,0.0,0.7879237078762724,1.0,0.23842257597684516,0.004949687534836752,1.9898477157360407e-06,0.23150932050511125,0.5689378543159695,0.25834040521905166,"hip hop, pop, R&B",0,0,0,0,0,1,0,0,0,0,1,1,0,0,0,0,0,0,0,0,0,0,0,0,0,0.7777777777777778,4
NSG,Options,0.34240164248031774,1.0,2020,0.6404494382022472,0.8356973995271867,0.5996186844613918,0.09090909090909091,0.7821919161972526,0.0,0.11975397973950797,0.39855374204082705,9.299492385786803e-05,0.09921828021647623,0.7743074125574928,0.27828312294473323,"World/Traditional, hip hop",1,0,0,0,0,0,0,1,0,0,0,0,0,0,0,0,0,0,0,0,0,0,0,0,0,0.3333333333333333,5
Post Malone,Circles,0.2755788827038416,0.0,2019,0.9550561797752809,0.6690307328605201,0.7489672704162695,0.0,0.8408439569127384,1.0,0.02948625180897251,0.19670550896083203,0.0024771573604060915,0.07793144918821407,0.5507540913466682,0.3979460591916835,hip hop,0,0,0,0,0,1,0,0,0,0,0,0,0,0,0,0,0,0,0,0,0,0,0,0,0,0.0,4
